–ù–æ –≤ –∫–æ–Ω—Ü–µ –∫–æ–Ω—Ü–æ–≤ –¢—Ä—é–¥–æ –±—ã–ª –≤—ã–Ω—É–∂–¥–µ–Ω –æ—Ç–º–µ–Ω–∏—Ç—å —Ä–µ–∂–∏–º –ß–ü, —Ç–∞–∫ –∫–∞–∫ –ø—Ä–æ—Ç–µ—Å—Ç—ã –Ω–µ –ø—Ä–µ–∫—Ä–∞—â–∞–ª–∏—Å—å, –∞ –ø—Ä–µ–º—å–µ—Ä—ã –ø—Ä–æ–≤–∏–Ω—Ü–∏–π –Ω–∞—á–∞–ª–∏ –æ—Ç–º–µ–Ω—è—Ç—å –∫–∞—Ä–∞–Ω—Ç–∏–Ω–æ–±–µ—Å–Ω—ã–µ –æ–≥—Ä–∞–Ω–∏—á–µ–Ω–∏—è, –ø—Ä–æ—Ç–∏–≤ –∫–æ—Ç–æ—Ä—ã—Ö –∏ –ø—Ä–æ—Ç–µ—Å—Ç–æ–≤–∞–ª–∏ –ª—é–¥–∏.
RT @SotaVision: ‚ÄºÔ∏è –ü—Ä–æ–∫—É—Ä–∞—Ç—É—Ä–∞ –∑–∞–ø—Ä–æ—Å–∏–ª–∞ –ê–ª–µ–∫—Å–µ—é –ù–∞–≤–∞–ª—å–Ω–æ–º—É 13 –ª–µ—Ç –ª–∏—à–µ–Ω–∏—è —Å–≤–æ–±–æ–¥—ã, —à—Ç—Ä–∞—Ñ 1 200 000 —Ä—É–±–ª–µ–π –∏ 2 –≥–æ–¥–∞ –æ–≥—Ä–∞–Ω–∏—á–µ–Ω–∏—è —Å–≤–æ–±–æ–¥—ã.
RT @nesanechkaa: –ë–∞–∑–∞ –≤–µ—â–∞–µ—Ç:  –û–±–≤–∏–Ω–µ–Ω–∏–µ –∑–∞–ø—Ä–æ—Å–∏–ª–æ –ê–ª–µ–∫—Å–µ—é –ù–∞–≤–∞–ª—å–Ω–æ–º—É 13 –ª–µ—Ç –ª–∏—à–µ–Ω–∏—è —Å–≤–æ–±–æ–¥—ã, —à—Ç—Ä–∞—Ñ 1 200 000 —Ä—É–±–ª–µ–π –∏ 2 –≥–æ–¥–∞ –æ–≥—Ä–∞–Ω–∏—á–µ–Ω–∏—è —Å‚Ä¶
RT @nesanechkaa: –ë–∞–∑–∞ –≤–µ—â–∞–µ—Ç:  –û–±–≤–∏–Ω–µ–Ω–∏–µ –∑–∞–ø—Ä–æ—Å–∏–ª–æ –ê–ª–µ–∫—Å–µ—é –ù–∞–≤–∞–ª—å–Ω–æ–º—É 13 –ª–µ—Ç –ª–∏—à–µ–Ω–∏—è —Å–≤–æ–±–æ–¥—ã, —à—Ç—Ä–∞—Ñ 1 200 000 —Ä—É–±–ª–µ–π –∏ 2 –≥–æ–¥–∞ –æ–≥—Ä–∞–Ω–∏—á–µ–Ω–∏—è —Å‚Ä¶
RT @RusEmbMNG: ‚ÄºÔ∏è –° 1Ô∏è‚É£4Ô∏è‚É£ –º–∞—Ä—Ç–∞ —Å.–≥. –ø—Ä–∏ –≤—ä–µ–∑–¥–µ –≤ –ú–æ–Ω–≥–æ–ª–∏—é –Ω–µ —Ç—Ä–µ–±—É–µ—Ç—Å—è —Å–¥–∞—á–∞ –ü–¶–†-—Ç–µ—Å—Ç–æ–≤ ‚úîÔ∏è–ö–∞—Ä–∞–Ω—Ç–∏–Ω –∏ –¥–æ–ø–æ–ª–Ω–∏—Ç–µ–ª—å–Ω—ã–µ —ç–∫—Å–ø—Ä–µ—Å—Å-—Ç–µ—Å—Ç—ã –Ω–∞ COV‚Ä¶
RT @nesanechkaa: –ë–∞–∑–∞ –≤–µ—â–∞–µ—Ç:  –û–±–≤–∏–Ω–µ–Ω–∏–µ –∑–∞–ø—Ä–æ—Å–∏–ª–æ –ê–ª–µ–∫—Å–µ—é –ù–∞–≤–∞–ª—å–Ω–æ–º—É 13 –ª–µ—Ç –ª–∏—à–µ–Ω–∏—è —Å–≤–æ–±–æ–¥—ã, —à—Ç—Ä–∞—Ñ 1 200 000 —Ä—É–±–ª–µ–π –∏ 2 –≥–æ–¥–∞ –æ–≥—Ä–∞–Ω–∏—á–µ–Ω–∏—è —Å‚Ä¶
@Go65Me @Q3TsCd8dWPrdQqe –≠—Ç–æ –Ω–µ —Ç–∞–∫. –í–µ—Ä–Ω–µ–µ —Å–æ–≤—Å–µ–º –Ω–µ —Ç–∞–∫. –í—ã –Ω–µ–≤–µ—Ä–Ω–æ –ø–æ–Ω—è–ª–∏. –í—Å–µ –∞–≤—Ç–æ–∑–∞–≤–æ–¥—ã –ø—Ä–æ–¥–æ–ª–∂–∞—é—Ç —Ä–∞–±–æ—Ç–∞—Ç—å. –ü—Ä–æ–±–ª–µ–º—ã –≤–æ–∑–Ω–∏–∫–ª–∏ –∏–∑-–∑–∞ –ª–æ–≥–∏—Å—Ç–∏–∫–∏ —Å —á–∏–ø–∞–º–∏ –∏ –∫–∞–±–µ–ª—è–º–∏. –ü–æ–∫–∞ —Ç–æ–ª—å–∫–æ –Ω–∞ –¥–≤—É—Ö –∑–∞–≤–æ–¥–∞—Ö –ø—Ä–æ–∏–∑–≤–æ–¥—è—â–∏—Ö —ç–ª–µ–∫—Ç—Ä–æ–º–æ–±–∏–ª–∏ –≤ –î—Ä–µ–∑–¥–µ–Ω–µ –∏ –¶–≤–∏–∫–∞—É –≤–≤–µ–¥–µ–Ω—ã –æ–≥—Ä–∞–Ω–∏—á–µ–Ω–∏—è. https://t.co/VfPLiyjjHJ
@AZurabAZ –•–æ—Ç—å –±—ã –µ–≥–æ —É—Å–ª—ã—à–∞–ª–∏. –ò –Ω—É–∂–Ω–æ —Å–Ω—è—Ç—å –æ–≥—Ä–∞–Ω–∏—á–µ–Ω–∏—è –≤ —Å–≤—è–∑–∏ —Å –∫–æ—Ä–æ–Ω–∞–≤–∏—Ä—É—Å–æ–º.,–Ω–µ –∞–∫—Ç—É–∞–ª—å–Ω—ã –æ–Ω–∏ —É–∂–µ.
–¢–∞–∫–∂–µ —Ç–æ—Ä–∂–µ—Å—Ç–≤–∞, –º–µ—Ä–æ–ø—Ä–∏—è—Ç–∏—è, –∫–∞—Ñ–µ, —Ä–µ—Å—Ç–æ—Ä–∞–Ω—ã –±–µ–∑ –∫–∞–∫–∏—Ö-–ª–∏–±–æ –æ–≥—Ä–∞–Ω–∏—á–µ–Ω–∏–π #tukmd #–¢–∞—Ä–∞–∫–ª–∏—è #–Ω–æ–≤–æ—Å—Ç–∏—Ç—É—Ç #–≤–µ—Ä–Ω–∏—Å–µ–±–µ–ø—Ä–µ–∂–Ω—é—é–∂–∏–∑–Ω—å #–æ–≥—Ä–∞–Ω–∏—á–µ–Ω–∏—è #–∫–æ–≤–∏–¥ #TeamEurope #COVID19 #StrongerTogether #EUMoldovaStrongerTogether https://t.co/zPEg11pJZC
RT @nesanechkaa: –ë–∞–∑–∞ –≤–µ—â–∞–µ—Ç:  –û–±–≤–∏–Ω–µ–Ω–∏–µ –∑–∞–ø—Ä–æ—Å–∏–ª–æ –ê–ª–µ–∫—Å–µ—é –ù–∞–≤–∞–ª—å–Ω–æ–º—É 13 –ª–µ—Ç –ª–∏—à–µ–Ω–∏—è —Å–≤–æ–±–æ–¥—ã, —à—Ç—Ä–∞—Ñ 1 200 000 —Ä—É–±–ª–µ–π –∏ 2 –≥–æ–¥–∞ –æ–≥—Ä–∞–Ω–∏—á–µ–Ω–∏—è —Å‚Ä¶
RT @nesanechkaa: –ë–∞–∑–∞ –≤–µ—â–∞–µ—Ç:  –û–±–≤–∏–Ω–µ–Ω–∏–µ –∑–∞–ø—Ä–æ—Å–∏–ª–æ –ê–ª–µ–∫—Å–µ—é –ù–∞–≤–∞–ª—å–Ω–æ–º—É 13 –ª–µ—Ç –ª–∏—à–µ–Ω–∏—è —Å–≤–æ–±–æ–¥—ã, —à—Ç—Ä–∞—Ñ 1 200 000 —Ä—É–±–ª–µ–π –∏ 2 –≥–æ–¥–∞ –æ–≥—Ä–∞–Ω–∏—á–µ–Ω–∏—è —Å‚Ä¶
RT @nesteliza_: –¢–∞–º —Å–µ—Ä—å–µ–∑–Ω—ã–µ –æ–≥—Ä–∞–Ω–∏—á–µ–Ω–∏—è –≤ –≤–æ–ø—Ä–æ—Å–µ —Å–≤–∏–¥–∞–Ω–∏–π, –ø–µ—Ä–µ–¥–∞—á, –ø–∏—Å–µ–º, —Ç—Ä–∞—Ç –¥–µ–Ω–µ–≥ —Å –ª–∏—Ü–µ–≤–æ–≥–æ —Å—á–µ—Ç–∞, –ø—Ä–æ–≥—É–ª–æ–∫. –¢–∞–º –ø—Ä–∏–Ω—Ü–∏–ø–∏–∞–ª—å–Ω–æ –¥—Ä—É–≥‚Ä¶
RT @IvanProhorov18: –¢–µ–º –≤—Ä–µ–º–µ–Ω–µ–º –≤–µ—Ä–Ω—ë–º—Å—è –≤ –ú–æ—Å–∫–≤—É.  –û–±–≤–∏–Ω–µ–Ω–∏–µ –∑–∞–ø—Ä–æ—Å–∏–ª–æ –ê–ª–µ–∫—Å–µ—é –ù–∞–≤–∞–ª—å–Ω–æ–º—É 13 –ª–µ—Ç –ª–∏—à–µ–Ω–∏—è —Å–≤–æ–±–æ–¥—ã, —à—Ç—Ä–∞—Ñ 1 200 000 —Ä—É–±–ª–µ–π‚Ä¶
RT @zgldz: –ü—Ä–æ–∫—É—Ä–æ—Ä –ù–∞–¥–µ–∂–¥–∞ –¢–∏—Ö–æ–Ω–æ–≤–∞ –∑–∞–ø—Ä–æ—Å–∏–ª–∞ –ê–ª–µ–∫—Å–µ—é –ù–∞–≤–∞–ª—å–Ω–æ–º—É 13 –ª–µ—Ç —Å—Ç—Ä–æ–≥–æ–≥–æ —Ä–µ–∂–∏–º–∞, —à—Ç—Ä–∞—Ñ 1,2 –º–ª–Ω —Ä—É–± –∏ 2 –≥–æ–¥–∞ –æ–≥—Ä–∞–Ω–∏—á–µ–Ω–∏—è —Å–≤–æ–±–æ–¥—ã –ø–æ‚Ä¶
–û–±–≤–∏–Ω–µ–Ω–∏–µ –∑–∞–ø—Ä–æ—Å–∏–ª–æ –ê–ª–µ–∫—Å–µ—é –ù–∞–≤–∞–ª—å–Ω–æ–º—É 13 –ª–µ—Ç –ª–∏—à–µ–Ω–∏—è —Å–≤–æ–±–æ–¥—ã, —à—Ç—Ä–∞—Ñ 1 200 000 —Ä—É–±–ª–µ–π –∏ 2 –≥–æ–¥–∞ –æ–≥—Ä–∞–Ω–∏—á–µ–Ω–∏—è —Å–≤–æ–±–æ–¥—ã. https://t.co/vJT3F3RryS
–ö–æ–≤–∏–¥–Ω—ã–µ –æ–≥—Ä–∞–Ω–∏—á–µ–Ω–∏—è –¥–ª—è –∫–∏–Ω–æ—Ç–µ–∞—Ç—Ä–æ–≤ -----–í–´ –ó–î–ï–°–¨------ –û—Ç–º–µ–Ω–∞ –∫–æ–≤–∏–¥–Ω—ã—Ö –æ–≥—Ä–∞–Ω–∏—á–µ–Ω–∏–π –¥–ª—è –∫–∏–Ω–æ—Ç–µ–∞—Ç—Ä–æ–≤, –Ω–æ–≤—ã–π "–ë—ç—Ç–º–µ–Ω" —Å–Ω—è—Ç —Å –ø—Ä–æ–∫–∞—Ç–∞ –≤ –†–§ –≤ —Å–≤—è–∑–∏ —Å —Å–∏—Ç—É–∞—Ü–∏–µ–π –Ω–∞ –£–∫—Ä–∞–∏–Ω–µ
RT @Sandy_mustache: –ï–° –≤–≤–µ–ª –æ–≥—Ä–∞–Ω–∏—á–µ–Ω–∏—è –Ω–∞ –∏–º–ø–æ—Ä—Ç –ø—Ä–æ–¥—É–∫—Ü–∏–∏ –∏–∑ —Å—Ç–∞–ª–∏ –∏ –∂–µ–ª–µ–∑–∞ –∏–∑ –†–æ—Å—Å–∏–∏ –∏ –∑–∞–ø—Ä–µ—Ç–∏–ª —ç–∫—Å–ø–æ—Ä—Ç –≤ –†–æ—Å—Å–∏—é –ø—Ä–µ–¥–º–µ—Ç–æ–≤ —Ä–æ—Å–∫–æ—à–∏
RT @Nemtsov_most: ‚ö°Ô∏è‚ö°Ô∏è‚ö°Ô∏è–ü–æ —Å–æ–≤–æ–∫—É–ø–Ω–æ—Å—Ç–∏ –æ–±–≤–∏–Ω–µ–Ω–∏—è –ø—Ä–æ–∫—É—Ä–æ—Ä –ø—Ä–æ—Å–∏—Ç –Ω–∞–∑–Ω–∞—á–∏—Ç—å –ù–∞–≤–∞–ª—å–Ω–æ–º—É –¥–µ—Å—è—Ç—å –ª–µ—Ç –ª–∏—à–µ–Ω–∏—è —Å–≤–æ–±–æ–¥—ã —Å–æ —à—Ç—Ä–∞—Ñ–æ–º 1,2 –º–∏–ª–ª–∏–æ–Ω–∞ —Ä‚Ä¶
RT @nesteliza_: –¢–∞–º —Å–µ—Ä—å–µ–∑–Ω—ã–µ –æ–≥—Ä–∞–Ω–∏—á–µ–Ω–∏—è –≤ –≤–æ–ø—Ä–æ—Å–µ —Å–≤–∏–¥–∞–Ω–∏–π, –ø–µ—Ä–µ–¥–∞—á, –ø–∏—Å–µ–º, —Ç—Ä–∞—Ç –¥–µ–Ω–µ–≥ —Å –ª–∏—Ü–µ–≤–æ–≥–æ —Å—á–µ—Ç–∞, –ø—Ä–æ–≥—É–ª–æ–∫. –¢–∞–º –ø—Ä–∏–Ω—Ü–∏–ø–∏–∞–ª—å–Ω–æ –¥—Ä—É–≥‚Ä¶
RT @nesteliza_: –¢–∞–º —Å–µ—Ä—å–µ–∑–Ω—ã–µ –æ–≥—Ä–∞–Ω–∏—á–µ–Ω–∏—è –≤ –≤–æ–ø—Ä–æ—Å–µ —Å–≤–∏–¥–∞–Ω–∏–π, –ø–µ—Ä–µ–¥–∞—á, –ø–∏—Å–µ–º, —Ç—Ä–∞—Ç –¥–µ–Ω–µ–≥ —Å –ª–∏—Ü–µ–≤–æ–≥–æ —Å—á–µ—Ç–∞, –ø—Ä–æ–≥—É–ª–æ–∫. –¢–∞–º –ø—Ä–∏–Ω—Ü–∏–ø–∏–∞–ª—å–Ω–æ –¥—Ä—É–≥‚Ä¶
–í —Å—Ç–æ–ª–∏—Ü–µ –∏ –ü–æ–¥–º–æ—Å–∫–æ–≤—å–µ —Ä–∞–∑—Ä–µ—à–∏–ª–∏ –Ω–µ –±–µ—Ä–µ—á—å—Å—è –æ—Ç –∫–æ—Ä–æ–Ω–∞–≤–∏—Ä—É—Å–∞: –º–æ–∂–Ω–æ —Å–Ω—è—Ç—å –º–µ–¥–∏—Ü–∏–Ω—Å–∫–∏–µ –º–∞—Å–∫–∏ –∏ –Ω–µ —Å–æ–±–ª—é–¥–∞—Ç—å —Å–æ—Ü–¥–∏—Å—Ç–∞–Ω—Ü–∏—é. –ö–∞–∫–∏–µ –æ–≥—Ä–∞–Ω–∏—á–µ–Ω–∏—è –≤–ª–∞—Å—Ç–∏ –≤—Å—ë-—Ç–∞–∫–∏ —Å–æ—Ö—Ä–∞–Ω–∏–ª–∏ –∏ –∫–æ–≤–∏–¥ –ª–∏ —Ç–æ–º—É –≤–∏–Ω–æ–π?  –ü–æ–¥—Ä–æ–±–Ω–µ–µ: https://t.co/pC4SXZMH23  #–ñ—É–∫–æ–≤—Å–∫–∏–µ–í–µ—Å—Ç–∏ #–ñ–í #–ñ—É–∫–æ–≤—Å–∫–∏–π #–†–∞–º–µ–Ω—Å–∫–æ–µ #–ö–æ—Ä–æ–Ω–∞–≤–∏—Ä—É—Å https://t.co/z5dCvpx4dR
–ù–∞ –∑–∞—Å–µ–¥–∞–Ω–∏–∏ –õ–µ—Ñ–æ—Ä—Ç–æ–≤—Å–∫–æ–≥–æ —Å—É–¥–∞ –ú–æ—Å–∫–≤—ã –ø—Ä–æ–∫—É—Ä–æ—Ä –∑–∞–ø—Ä–æ—Å–∏–ª –¥–ª—è –ê–ª–µ–∫—Å–µ—è –ù–∞–≤–∞–ª—å–Ω–æ–≥–æ 13 –ª–µ—Ç –ª–∏—à–µ–Ω–∏—è —Å–≤–æ–±–æ–¥—ã, —à—Ç—Ä–∞—Ñ –≤ 1,2 –º–∏–ª–ª–∏–æ–Ω–∞ —Ä—É–±–ª–µ–π –∏ 2 –≥–æ–¥–∞ –æ–≥—Ä–∞–Ω–∏—á–µ–Ω–∏—è —Å–≤–æ–±–æ–¥—ã.   –í —ç—Ç–æ—Ç —Ä–∞–∑ –æ–ø–ø–æ–∑–∏—Ü–∏–æ–Ω–µ—Ä—É –≤–º–µ–Ω—è–µ—Ç—Å—è –º–æ—à–µ–Ω–Ω–∏—á–µ—Å—Ç–≤–æ –∏ –æ—Å–∫–æ—Ä–±–ª–µ–Ω–∏–µ —Å—É–¥—å–∏. –ü–æ–ª–∏—Ç–∏–∫ —Å–≤–æ—é –≤–∏–Ω—É ...  https://t.co/owHjHHnfVY
–ï—Å–ª–∏ —Å–Ω—è–ª–∏ –≤ –ú–°–ö –ú–∞—Å–∫–∏ –∏ –∫–æ–≤–∏–¥–Ω—ã–µ –æ–≥—Ä–∞–Ω–∏—á–µ–Ω–∏—è –∑–Ω–∞—á–∏—Ç –ª–∏ —ç—Ç–æ, —á—Ç–æ —Ç–µ–ø–µ—Ä—å –ü—É—Ç–∏–Ω –±—É–¥–µ—Ç —Å–∏–¥–µ—Ç—å –Ω–∞ —Å–æ–≤–µ—â–∞–Ω–∏—è—Ö —Ä—è–¥–æ–º —Å–æ —Å–≤–æ–∏–º–∏ —Å–ª—É–≥–∞–º–∏? –ò–ª–∏ —ç—Ç–æ –¥—Ä—É–≥–æ–µ?
RT @nesteliza_: –¢–∞–º —Å–µ—Ä—å–µ–∑–Ω—ã–µ –æ–≥—Ä–∞–Ω–∏—á–µ–Ω–∏—è –≤ –≤–æ–ø—Ä–æ—Å–µ —Å–≤–∏–¥–∞–Ω–∏–π, –ø–µ—Ä–µ–¥–∞—á, –ø–∏—Å–µ–º, —Ç—Ä–∞—Ç –¥–µ–Ω–µ–≥ —Å –ª–∏—Ü–µ–≤–æ–≥–æ —Å—á–µ—Ç–∞, –ø—Ä–æ–≥—É–ª–æ–∫. –¢–∞–º –ø—Ä–∏–Ω—Ü–∏–ø–∏–∞–ª—å–Ω–æ –¥—Ä—É–≥‚Ä¶
RT @nesteliza_: –¢–∞–º —Å–µ—Ä—å–µ–∑–Ω—ã–µ –æ–≥—Ä–∞–Ω–∏—á–µ–Ω–∏—è –≤ –≤–æ–ø—Ä–æ—Å–µ —Å–≤–∏–¥–∞–Ω–∏–π, –ø–µ—Ä–µ–¥–∞—á, –ø–∏—Å–µ–º, —Ç—Ä–∞—Ç –¥–µ–Ω–µ–≥ —Å –ª–∏—Ü–µ–≤–æ–≥–æ —Å—á–µ—Ç–∞, –ø—Ä–æ–≥—É–ª–æ–∫. –¢–∞–º –ø—Ä–∏–Ω—Ü–∏–ø–∏–∞–ª—å–Ω–æ –¥—Ä—É–≥‚Ä¶
RT @zgldz: –ü—Ä–æ–∫—É—Ä–æ—Ä –ù–∞–¥–µ–∂–¥–∞ –¢–∏—Ö–æ–Ω–æ–≤–∞ –∑–∞–ø—Ä–æ—Å–∏–ª–∞ –ê–ª–µ–∫—Å–µ—é –ù–∞–≤–∞–ª—å–Ω–æ–º—É 13 –ª–µ—Ç —Å—Ç—Ä–æ–≥–æ–≥–æ —Ä–µ–∂–∏–º–∞, —à—Ç—Ä–∞—Ñ 1,2 –º–ª–Ω —Ä—É–± –∏ 2 –≥–æ–¥–∞ –æ–≥—Ä–∞–Ω–∏—á–µ–Ω–∏—è —Å–≤–æ–±–æ–¥—ã –ø–æ‚Ä¶
RT @nesteliza_: –¢–∞–º —Å–µ—Ä—å–µ–∑–Ω—ã–µ –æ–≥—Ä–∞–Ω–∏—á–µ–Ω–∏—è –≤ –≤–æ–ø—Ä–æ—Å–µ —Å–≤–∏–¥–∞–Ω–∏–π, –ø–µ—Ä–µ–¥–∞—á, –ø–∏—Å–µ–º, —Ç—Ä–∞—Ç –¥–µ–Ω–µ–≥ —Å –ª–∏—Ü–µ–≤–æ–≥–æ —Å—á–µ—Ç–∞, –ø—Ä–æ–≥—É–ª–æ–∫. –¢–∞–º –ø—Ä–∏–Ω—Ü–∏–ø–∏–∞–ª—å–Ω–æ –¥—Ä—É–≥‚Ä¶
RT @RuFailedState: –æ–≥—Ä–∞–Ω–∏—á–µ–Ω–∏—è –≤ –æ—Ç–Ω–æ—à–µ–Ω–∏–∏ —Ç–æ–≤–∞—Ä–æ–≤ –∏ —Ç–æ–≤–∞—Ä–æ–≤ –∏ —Ç–µ—Ö–Ω–æ–ª–æ–≥–∏–π –¥–≤–æ–π–Ω–æ–≥–æ –Ω–∞–∑–Ω–∞—á–µ–Ω–∏—è;  ‚ñ™Ô∏è–õ–∏—á–Ω—ã–µ —Å–∞–Ω–∫—Ü–∏–∏ –≤ –æ—Ç–Ω–æ—à–µ–Ω–∏–∏ –∫–ª—é—á–µ–≤—ã—Ö ¬´–æ–ª–∏–≥‚Ä¶
–í—ã—Å–∫–∞–∑—ã–≤–∞—Ç—å—Å—è –æ¬†¬´–≤–æ–µ–Ω–Ω–æ–π –æ–ø–µ—Ä–∞—Ü–∏–∏¬ª —Å–µ–π—á–∞—Å –æ–ø–∞—Å–Ω–æ. –ù–æ¬†–Ω–∏–∫—Ç–æ –Ω–µ¬†–∑–∞–ø—Ä–µ—â–∞–µ—Ç –ø–æ—Ä–∞–∑–º—ã—à–ª—è—Ç—å –æ¬†—Ç–æ–º, —á—Ç–æ —Ç–µ–ø–µ—Ä—å –¥–µ–ª–∞—Ç—å –≤¬†—É—Å–ª–æ–≤–∏—è—Ö –≤–Ω–µ–æ—á–µ—Ä–µ–¥–Ω–æ–≥–æ —ç–∫–æ–Ω–æ–º–∏—á–µ—Å–∫–æ–≥–æ –∫—Ä–∏–∑–∏—Å–∞ –∏¬†–∂–µ—Å—Ç–∫–æ–≥–æ –æ–≥—Ä–∞–Ω–∏—á–µ–Ω–∏—è —Å–≤–æ–±–æ–¥. –í¬†–≥–æ–ª–æ–≤—É –ø—Ä–∏—Ö–æ–¥–∏—Ç –≤–æ—Ç —á—Ç–æ: https://t.co/lYHX0f7MlC
RT @nesteliza_: –¢–∞–º —Å–µ—Ä—å–µ–∑–Ω—ã–µ –æ–≥—Ä–∞–Ω–∏—á–µ–Ω–∏—è –≤ –≤–æ–ø—Ä–æ—Å–µ —Å–≤–∏–¥–∞–Ω–∏–π, –ø–µ—Ä–µ–¥–∞—á, –ø–∏—Å–µ–º, —Ç—Ä–∞—Ç –¥–µ–Ω–µ–≥ —Å –ª–∏—Ü–µ–≤–æ–≥–æ —Å—á–µ—Ç–∞, –ø—Ä–æ–≥—É–ª–æ–∫. –¢–∞–º –ø—Ä–∏–Ω—Ü–∏–ø–∏–∞–ª—å–Ω–æ –¥—Ä—É–≥‚Ä¶
RT @nesanechkaa: –ë–∞–∑–∞ –≤–µ—â–∞–µ—Ç:  –û–±–≤–∏–Ω–µ–Ω–∏–µ –∑–∞–ø—Ä–æ—Å–∏–ª–æ –ê–ª–µ–∫—Å–µ—é –ù–∞–≤–∞–ª—å–Ω–æ–º—É 13 –ª–µ—Ç –ª–∏—à–µ–Ω–∏—è —Å–≤–æ–±–æ–¥—ã, —à—Ç—Ä–∞—Ñ 1 200 000 —Ä—É–±–ª–µ–π –∏ 2 –≥–æ–¥–∞ –æ–≥—Ä–∞–Ω–∏—á–µ–Ω–∏—è —Å‚Ä¶
RT @b_bratstvoBron: –∫–æ–Ω–≥–ª–æ–º–µ—Ä–∞—Ç –±–∞–Ω–∫–æ–≤ –®–≤–µ–π—Ü–∞—Ä–∏–∏ –≤—ã–¥–≤–∏–Ω—É–ª —É—Å–ª–æ–≤–∏—è –ò–õ–ò –í–´ –°–ù–ò–ú–ê–ï–¢–ï –û–ì–†–ê–ù–ò–ß–ï–ù–ò–Ø –ù–ê –§–ò–ù–ê–ù–°–û–í–´–ô –°–ï–ö–¢–û–† –†–û–°–°–ò–ò –ò–õ–ò –ú–´ –£–•–û–î–ò–ú –ò–ó‚Ä¶
RT @zgldz: –ü—Ä–æ–∫—É—Ä–æ—Ä –ù–∞–¥–µ–∂–¥–∞ –¢–∏—Ö–æ–Ω–æ–≤–∞ –∑–∞–ø—Ä–æ—Å–∏–ª–∞ –ê–ª–µ–∫—Å–µ—é –ù–∞–≤–∞–ª—å–Ω–æ–º—É 13 –ª–µ—Ç —Å—Ç—Ä–æ–≥–æ–≥–æ —Ä–µ–∂–∏–º–∞, —à—Ç—Ä–∞—Ñ 1,2 –º–ª–Ω —Ä—É–± –∏ 2 –≥–æ–¥–∞ –æ–≥—Ä–∞–Ω–∏—á–µ–Ω–∏—è —Å–≤–æ–±–æ–¥—ã –ø–æ‚Ä¶
–ü–æ–∫–∞ –º—ã —Ç—É—Ç –£–∫—Ä–∞–∏–Ω—É –æ–±—Å—É–∂–¥–∞–µ–º... ‚ö°Ô∏è‚ö°Ô∏è–û–±–≤–∏–Ω–µ–Ω–∏–µ –∑–∞–ø—Ä–æ—Å–∏–ª–æ –ê–ª–µ–∫—Å–µ—é –ù–∞–≤–∞–ª—å–Ω–æ–º—É 13 –ª–µ—Ç –ª–∏—à–µ–Ω–∏—è —Å–≤–æ–±–æ–¥—ã, —à—Ç—Ä–∞—Ñ 1 200 000 —Ä—É–±–ª–µ–π –∏ 2 –≥–æ–¥–∞ –æ–≥—Ä–∞–Ω–∏—á–µ–Ω–∏—è —Å–≤–æ–±–æ–¥—ã.  –ï–≥–æ –æ–±–≤–∏–Ω—è—é—Ç –≤ –º–æ—à–µ–Ω–Ω–∏—á–µ—Å—Ç–≤–µ –∏ –æ—Å–∫–æ—Ä–±–ª–µ–Ω–∏–µ —Å—É–¥—å–∏. https://t.co/I19WNrFASG
RT @nesanechkaa: –ë–∞–∑–∞ –≤–µ—â–∞–µ—Ç:  –û–±–≤–∏–Ω–µ–Ω–∏–µ –∑–∞–ø—Ä–æ—Å–∏–ª–æ –ê–ª–µ–∫—Å–µ—é –ù–∞–≤–∞–ª—å–Ω–æ–º—É 13 –ª–µ—Ç –ª–∏—à–µ–Ω–∏—è —Å–≤–æ–±–æ–¥—ã, —à—Ç—Ä–∞—Ñ 1 200 000 —Ä—É–±–ª–µ–π –∏ 2 –≥–æ–¥–∞ –æ–≥—Ä–∞–Ω–∏—á–µ–Ω–∏—è —Å‚Ä¶
RT @zgldz: –ü—Ä–æ–∫—É—Ä–æ—Ä –ù–∞–¥–µ–∂–¥–∞ –¢–∏—Ö–æ–Ω–æ–≤–∞ –∑–∞–ø—Ä–æ—Å–∏–ª–∞ –ê–ª–µ–∫—Å–µ—é –ù–∞–≤–∞–ª—å–Ω–æ–º—É 13 –ª–µ—Ç —Å—Ç—Ä–æ–≥–æ–≥–æ —Ä–µ–∂–∏–º–∞, —à—Ç—Ä–∞—Ñ 1,2 –º–ª–Ω —Ä—É–± –∏ 2 –≥–æ–¥–∞ –æ–≥—Ä–∞–Ω–∏—á–µ–Ω–∏—è —Å–≤–æ–±–æ–¥—ã –ø–æ‚Ä¶
–ü—Ä–æ–∫—É—Ä–æ—Ä –ù–∞–¥–µ–∂–¥–∞ –¢–∏—Ö–æ–Ω–æ–≤–∞ –∑–∞–ø—Ä–æ—Å–∏–ª–∞ –ê–ª–µ–∫—Å–µ—é –ù–∞–≤–∞–ª—å–Ω–æ–º—É 13 –ª–µ—Ç —Å—Ç—Ä–æ–≥–æ–≥–æ —Ä–µ–∂–∏–º–∞, —à—Ç—Ä–∞—Ñ 1,2 –º–ª–Ω —Ä—É–± –∏ 2 –≥–æ–¥–∞ –æ–≥—Ä–∞–Ω–∏—á–µ–Ω–∏—è —Å–≤–æ–±–æ–¥—ã –ø–æ –Ω–æ–≤–æ–º—É –¥–µ–ª—É –æ –Ω–µ—Ü–µ–ª–µ–≤–æ–π —Ä–∞—Å—Ç—Ä–∞—Ç–µ –¥–µ–Ω–µ–≥ –§–æ–Ω–¥–∞ –ë–æ—Ä—å–±—ã —Å –ö–æ—Ä—Ä—É–ø—Ü–∏–µ–π (*–ø—Ä–∏–∑–Ω–∞–Ω –∏–Ω–æ–∞–≥–µ–Ω—Ç–æ–º) –∏ –æ—Å–∫–æ—Ä–±–ª–µ–Ω–∏–∏ —Å—É–¥–∞. –ó–∞ –¥–æ–∫–∞–∑–∞–Ω–Ω–æ–µ —É–±–∏–π—Å—Ç–≤–æ –≤ –†–§ –º–µ–Ω—å—à–µ –¥–∞—é—Ç. https://t.co/8s1BtuRnXq
RT @nesteliza_: –¢–∞–º —Å–µ—Ä—å–µ–∑–Ω—ã–µ –æ–≥—Ä–∞–Ω–∏—á–µ–Ω–∏—è –≤ –≤–æ–ø—Ä–æ—Å–µ —Å–≤–∏–¥–∞–Ω–∏–π, –ø–µ—Ä–µ–¥–∞—á, –ø–∏—Å–µ–º, —Ç—Ä–∞—Ç –¥–µ–Ω–µ–≥ —Å –ª–∏—Ü–µ–≤–æ–≥–æ —Å—á–µ—Ç–∞, –ø—Ä–æ–≥—É–ª–æ–∫. –¢–∞–º –ø—Ä–∏–Ω—Ü–∏–ø–∏–∞–ª—å–Ω–æ –¥—Ä—É–≥‚Ä¶
@dw_russian –ê–≥–∞, –∑–Ω–∞—á–∏—Ç –Ω–∞ NASA  –æ–≥—Ä–∞–Ω–∏—á–µ–Ω–∏—è –ø–æ —ç–∫—Å–ø–æ—Ä—Ç–Ω–æ–º—É –∫–æ–Ω—Ç—Ä–æ–ª—é –Ω–µ –¥–µ–π—Å—Ç–≤—É—é—Ç, —É—Ö —Ç—ã, –∫–æ–º—É-—Ç–æ –º–æ–∂–Ω–æ —Å–æ—Ç—Ä—É–¥–Ω–∏—á–∞—Ç—å —Å —Ä—Ñ
RT @nesanechkaa: –ë–∞–∑–∞ –≤–µ—â–∞–µ—Ç:  –û–±–≤–∏–Ω–µ–Ω–∏–µ –∑–∞–ø—Ä–æ—Å–∏–ª–æ –ê–ª–µ–∫—Å–µ—é –ù–∞–≤–∞–ª—å–Ω–æ–º—É 13 –ª–µ—Ç –ª–∏—à–µ–Ω–∏—è —Å–≤–æ–±–æ–¥—ã, —à—Ç—Ä–∞—Ñ 1 200 000 —Ä—É–±–ª–µ–π –∏ 2 –≥–æ–¥–∞ –æ–≥—Ä–∞–Ω–∏—á–µ–Ω–∏—è —Å‚Ä¶
RT @nesanechkaa: –ë–∞–∑–∞ –≤–µ—â–∞–µ—Ç:  –û–±–≤–∏–Ω–µ–Ω–∏–µ –∑–∞–ø—Ä–æ—Å–∏–ª–æ –ê–ª–µ–∫—Å–µ—é –ù–∞–≤–∞–ª—å–Ω–æ–º—É 13 –ª–µ—Ç –ª–∏—à–µ–Ω–∏—è —Å–≤–æ–±–æ–¥—ã, —à—Ç—Ä–∞—Ñ 1 200 000 —Ä—É–±–ª–µ–π –∏ 2 –≥–æ–¥–∞ –æ–≥—Ä–∞–Ω–∏—á–µ–Ω–∏—è —Å‚Ä¶
RT @nesanechkaa: –ë–∞–∑–∞ –≤–µ—â–∞–µ—Ç:  –û–±–≤–∏–Ω–µ–Ω–∏–µ –∑–∞–ø—Ä–æ—Å–∏–ª–æ –ê–ª–µ–∫—Å–µ—é –ù–∞–≤–∞–ª—å–Ω–æ–º—É 13 –ª–µ—Ç –ª–∏—à–µ–Ω–∏—è —Å–≤–æ–±–æ–¥—ã, —à—Ç—Ä–∞—Ñ 1 200 000 —Ä—É–±–ª–µ–π –∏ 2 –≥–æ–¥–∞ –æ–≥—Ä–∞–Ω–∏—á–µ–Ω–∏—è —Å‚Ä¶
–í –ü–µ—Ç–µ—Ä–±—É—Ä–≥–µ —Ä–µ—Å—Ç–æ—Ä–∞–Ω—ã, –±–∞—Ä—ã, –∫–∏–Ω–æ—Ç–µ–∞—Ç—Ä—ã –∏ –¥—Ä—É–≥–∏–µ –∑–∞–≤–µ–¥–µ–Ω–∏—è —Å 18 –º–∞—Ä—Ç–∞ —Å–º–æ–≥—É—Ç —Ä–∞–±–æ—Ç–∞—Ç—å –≤—Å—é –Ω–æ—á—å. –í–ª–∞—Å—Ç–∏ –≥–æ—Ä–æ–¥–∞ —Ç–∞–∫–∂–µ —Ä–∞–∑—Ä–µ—à–∏–ª–∏ –≤—ã—Å—Ç–∞–≤–∫–∏, —Å–ø–æ—Ä—Ç–∏–≤–Ω—ã–µ –∏ –¥—Ä—É–≥–∏–µ –º–µ—Ä–æ–ø—Ä–∏—è—Ç–∏—è –ø–æ –Ω–æ—á–∞–º.  –û–≥—Ä–∞–Ω–∏—á–µ–Ω–∏—è –≤–≤–µ–ª–∏ –µ—â—ë –≤ 2021 –≥–æ–¥—É –∏–∑-–∑–∞ –ø–∞–Ω–¥–µ–º–∏–∏ Covid-19 https://t.co/Pfa93lnWAq
RT @Z_deadppooll_Z: –ì–æ—Å—É–¥–∞—Ä—Å—Ç–≤–µ–Ω–Ω—ã–π –æ–±–≤–∏–Ω–∏—Ç–µ–ª—å –Ω–∞ –ø—Ä–æ—Ü–µ—Å—Å–µ –Ω–∞–¥ –∫–∞–∫–∏–º-—Ç–æ –ù–∞–≤–∞–ª—å–Ω—ã–º (–∫—Ç–æ —ç—Ç–æ?) –æ–±–≤–∏–Ω—è–µ–º—ã–º –≤ –º–æ—à–µ–Ω–Ω–∏—á–µ—Å—Ç–≤–µ –∑–∞–ø—Ä–æ—Å–∏–ª 13 –ª–µ—Ç —Ç—é—Ä‚Ä¶
–ü–æ–º–∏–º–æ —ç—Ç–æ–≥–æ, –ø—Ä–æ–∫—É—Ä–∞—Ç—É—Ä–∞ —Ç—Ä–µ–±—É–µ—Ç –Ω–∞–∑–Ω–∞—á–∏—Ç—å –æ–ø–ø–æ–∑–∏—Ü–∏–æ–Ω–Ω–æ–º—É –ø–æ–ª–∏—Ç–∏–∫—É —à—Ç—Ä–∞—Ñ –≤ —Ä–∞–∑–º–µ—Ä–µ 1 200 000 —Ä—É–±–ª–µ–π –∏ 2 –≥–æ–¥–∞ –æ–≥—Ä–∞–Ω–∏—á–µ–Ω–∏—è —Å–≤–æ–±–æ–¥—ã  https://t.co/3ROCNjUUX8
RT @nesanechkaa: –ë–∞–∑–∞ –≤–µ—â–∞–µ—Ç:  –û–±–≤–∏–Ω–µ–Ω–∏–µ –∑–∞–ø—Ä–æ—Å–∏–ª–æ –ê–ª–µ–∫—Å–µ—é –ù–∞–≤–∞–ª—å–Ω–æ–º—É 13 –ª–µ—Ç –ª–∏—à–µ–Ω–∏—è —Å–≤–æ–±–æ–¥—ã, —à—Ç—Ä–∞—Ñ 1 200 000 —Ä—É–±–ª–µ–π –∏ 2 –≥–æ–¥–∞ –æ–≥—Ä–∞–Ω–∏—á–µ–Ω–∏—è —Å‚Ä¶
–¢–∞–º —Å–µ—Ä—å–µ–∑–Ω—ã–µ –æ–≥—Ä–∞–Ω–∏—á–µ–Ω–∏—è –≤ –≤–æ–ø—Ä–æ—Å–µ —Å–≤–∏–¥–∞–Ω–∏–π, –ø–µ—Ä–µ–¥–∞—á, –ø–∏—Å–µ–º, —Ç—Ä–∞—Ç –¥–µ–Ω–µ–≥ —Å –ª–∏—Ü–µ–≤–æ–≥–æ —Å—á–µ—Ç–∞, –ø—Ä–æ–≥—É–ª–æ–∫. –¢–∞–º –ø—Ä–∏–Ω—Ü–∏–ø–∏–∞–ª—å–Ω–æ –¥—Ä—É–≥–æ–π –∫–æ–Ω—Ç–∏–Ω–≥–µ–Ω—Ç (—Ç–∞–º –Ω–µ —Å–∏–¥—è—Ç –ø–µ—Ä–≤–æ—Ö–æ–¥—ã, –Ω–∞–ø—Ä–∏–º–µ—Ä, –∑–∞—Ç–æ —Å–∏–¥—è—Ç –∑–∞ –æ—Å–æ–±–æ —Ç—è–∂–∫–∏–µ –ø—Ä–µ—Å—Ç—É–ø–ª–µ–Ω–∏—è). –ó–∞ –º–∞–ª–µ–π—à—É—é –ø—Ä–æ–≤–∏–Ω–Ω–æ—Å—Ç—å ‚Äî –∫–∞—Ä—Ü–µ—Ä.
RT @RusEmbMNG: ‚ÄºÔ∏è –° 1Ô∏è‚É£4Ô∏è‚É£ –º–∞—Ä—Ç–∞ —Å.–≥. –ø—Ä–∏ –≤—ä–µ–∑–¥–µ –≤ –ú–æ–Ω–≥–æ–ª–∏—é –Ω–µ —Ç—Ä–µ–±—É–µ—Ç—Å—è —Å–¥–∞—á–∞ –ü–¶–†-—Ç–µ—Å—Ç–æ–≤ ‚úîÔ∏è–ö–∞—Ä–∞–Ω—Ç–∏–Ω –∏ –¥–æ–ø–æ–ª–Ω–∏—Ç–µ–ª—å–Ω—ã–µ —ç–∫—Å–ø—Ä–µ—Å—Å-—Ç–µ—Å—Ç—ã –Ω–∞ COV‚Ä¶
RT @AlexZZZ_70: –ì–æ—Å—É–¥–∞—Ä—Å—Ç–≤–µ–Ω–Ω—ã–π –æ–±–≤–∏–Ω–∏—Ç–µ–ª—å –Ω–∞ –ø—Ä–æ—Ü–µ—Å—Å–µ –Ω–∞–¥ –∫–∞–∫–∏–º-—Ç–æ –ù–∞–≤–∞–ª—å–Ω—ã–º (–∫—Ç–æ —ç—Ç–æ?) –æ–±–≤–∏–Ω—è–µ–º—ã–º –≤ –º–æ—à–µ–Ω–Ω–∏—á–µ—Å—Ç–≤–µ –∑–∞–ø—Ä–æ—Å–∏–ª 13 –ª–µ—Ç —Ç—é—Ä—å–º—ã‚Ä¶
@Floppycatman —Ç–∞–∫ –Ω–∞–ø–∏—à–∏ –∏–º –≤ –ø–æ–¥–¥–µ—Ä–∂–∫—É, –æ–±–æ–π–¥—É—Ç –Ω–æ–≤—ã–µ –æ–≥—Ä–∞–Ω–∏—á–µ–Ω–∏—è.
–¥–µ–≤–æ—á–∫–∏ —É –≤–∞–π–ª***—Ä—Ä–∏—Å –æ–≥—Ä–æ–º–Ω—ã–µ –ø—Ä–æ–±–ª–µ–º—ã, –æ—Ç–∫–ª—é—á–∏—Ç–µ —É –∫–∞—Ä—Ç—ã –ø–æ–∫—É–ø–∫–∏ –≤ –∏–Ω—Ç–µ—Ä–Ω–µ—Ç–µ  —á–µ—Ä–µ–∑ –º–æ–±–∏–ª—å–Ω—ã–π –±–∞–Ω–∫, –ª–∏–º–∏—Ç—ã –∏ –æ–≥—Ä–∞–Ω–∏—á–µ–Ω–∏—è
RT @nesanechkaa: –ë–∞–∑–∞ –≤–µ—â–∞–µ—Ç:  –û–±–≤–∏–Ω–µ–Ω–∏–µ –∑–∞–ø—Ä–æ—Å–∏–ª–æ –ê–ª–µ–∫—Å–µ—é –ù–∞–≤–∞–ª—å–Ω–æ–º—É 13 –ª–µ—Ç –ª–∏—à–µ–Ω–∏—è —Å–≤–æ–±–æ–¥—ã, —à—Ç—Ä–∞—Ñ 1 200 000 —Ä—É–±–ª–µ–π –∏ 2 –≥–æ–¥–∞ –æ–≥—Ä–∞–Ω–∏—á–µ–Ω–∏—è —Å‚Ä¶
RT @nesanechkaa: –ë–∞–∑–∞ –≤–µ—â–∞–µ—Ç:  –û–±–≤–∏–Ω–µ–Ω–∏–µ –∑–∞–ø—Ä–æ—Å–∏–ª–æ –ê–ª–µ–∫—Å–µ—é –ù–∞–≤–∞–ª—å–Ω–æ–º—É 13 –ª–µ—Ç –ª–∏—à–µ–Ω–∏—è —Å–≤–æ–±–æ–¥—ã, —à—Ç—Ä–∞—Ñ 1 200 000 —Ä—É–±–ª–µ–π –∏ 2 –≥–æ–¥–∞ –æ–≥—Ä–∞–Ω–∏—á–µ–Ω–∏—è —Å‚Ä¶
‚ö°Ô∏è–û–±–≤–∏–Ω–µ–Ω–∏–µ –∑–∞–ø—Ä–æ—Å–∏–ª–æ –æ–ø–ø–æ–∑–∏—Ü–∏–æ–Ω–µ—Ä—É –ê–ª–µ–∫—Å–µ—é –ù–∞–≤–∞–ª—å–Ω–æ–º—É 13 –ª–µ—Ç –ª–∏—à–µ–Ω–∏—è —Å–≤–æ–±–æ–¥—ã, —à—Ç—Ä–∞—Ñ 1 200 000 —Ä—É–±–ª–µ–π –∏ 2 –≥–æ–¥–∞ –æ–≥—Ä–∞–Ω–∏—á–µ–Ω–∏—è —Å–≤–æ–±–æ–¥—ã.  –ï–≥–æ –æ–±–≤–∏–Ω—è—é—Ç –≤ –º–æ—à–µ–Ω–Ω–∏—á–µ—Å—Ç–≤–µ –∏ –æ—Å–∫–æ—Ä–±–ª–µ–Ω–∏–µ —Å—É–¥—å–∏.  –ü—É—Ç–∏–Ω –±–æ–∏—Ç—Å—è.
RT @d5SayyUAL0rLSBL: –ó–µ—Ä–Ω–æ –∏ —Å–∞—Ö–∞—Ä –æ—Å—Ç–∞–Ω—É—Ç—Å—è –≤ –†–æ—Å—Å–∏–∏: –ú–∏—Ö–∞–∏–ª –ú–∏—à—É—Å—Ç–∏–Ω –ø–æ–¥–ø–∏—Å–∞–ª –ø–æ—Å—Ç–∞–Ω–æ–≤–ª–µ–Ω–∏–µ –æ –≤—Ä–µ–º–µ–Ω–Ω–æ–º –∑–∞–ø—Ä–µ—Ç–µ –Ω–∞ —ç–∫—Å–ø–æ—Ä—Ç –∑–µ—Ä–Ω–æ–≤—ã—Ö –≤ –≥–æ—Å‚Ä¶
–ï–≤—Ä–æ–∫–æ–º–∏—Å—Å–∏—è –æ–±—ä—è–≤–∏–ª–∞ –æ¬†—á–µ—Ç–≤–µ—Ä—Ç–æ–º –ø–∞–∫–µ—Ç–µ —Å–∞–Ω–∫—Ü–∏–π –ø—Ä–æ—Ç–∏–≤ –†–æ—Å—Å–∏–∏. –ù–æ–≤—ã–µ –æ–≥—Ä–∞–Ω–∏—á–µ–Ω–∏—è –≤–∫–ª—é—á–∞—é—Ç –∑–∞–ø—Ä–µ—Ç –Ω–∞¬†—Å–¥–µ–ª–∫–∏ —Å¬†–≥–æ—Å–ø—Ä–µ–¥–ø—Ä–∏—è—Ç–∏—è–º–∏ –∏¬†–∏–º–ø–æ—Ä—Ç –∏–∑¬†–†–§¬†—Å—Ç–∞–ª—å–Ω—ã—Ö –∏–∑–¥–µ–ª–∏–π https://t.co/yevuIiZAyg
RT @nesanechkaa: –ë–∞–∑–∞ –≤–µ—â–∞–µ—Ç:  –û–±–≤–∏–Ω–µ–Ω–∏–µ –∑–∞–ø—Ä–æ—Å–∏–ª–æ –ê–ª–µ–∫—Å–µ—é –ù–∞–≤–∞–ª—å–Ω–æ–º—É 13 –ª–µ—Ç –ª–∏—à–µ–Ω–∏—è —Å–≤–æ–±–æ–¥—ã, —à—Ç—Ä–∞—Ñ 1 200 000 —Ä—É–±–ª–µ–π –∏ 2 –≥–æ–¥–∞ –æ–≥—Ä–∞–Ω–∏—á–µ–Ω–∏—è —Å‚Ä¶
‚Äú–¢–≤–æ–π —ç–∫—Å–ø–µ—Ä—Ç‚Äù: –≤ –¶–µ–Ω—Ç—Ä–æ–±–∞–Ω–∫–µ –æ—Ç–≤–µ—Ç–∏–ª–∏ –Ω–∞ –≥–ª–∞–≤–Ω—ã–µ –≤–æ–ø—Ä–æ—Å—ã –æ SWIFT, Visa, Mastercard –∏ –æ –Ω–æ–≤–æ–º –≤–∏–¥–µ –º–æ—à–µ–Ω–Ω–∏—á–µ—Å—Ç–≤–∞ –ö–∞–∫–∏–µ –æ–≥—Ä–∞–Ω–∏—á–µ–Ω–∏—è –∫–æ—Å–Ω—É–ª–∏—Å—å –∑–∞—Ä—É–±–µ–∂–Ω—ã—Ö –¥–µ–Ω–µ–∂–Ω—ã—Ö –µ–¥–∏–Ω–∏—Ü, —Å—Ç–æ–∏—Ç –ª–∏ –±–æ—è—Ç—å—Å—è –æ—Ç–∫–ª—é—á–µ–Ω–∏—è –æ—Ç –Ω–µ–¥–∞–≤–Ω–æ —Å—Ç–∞–≤—à–µ–π –∏–∑–≤... https://t.co/LTdnwQsaS0 https://t.co/9BIuUPFt7n
RT @AlexZZZ_70: –ì–æ—Å—É–¥–∞—Ä—Å—Ç–≤–µ–Ω–Ω—ã–π –æ–±–≤–∏–Ω–∏—Ç–µ–ª—å –Ω–∞ –ø—Ä–æ—Ü–µ—Å—Å–µ –Ω–∞–¥ –∫–∞–∫–∏–º-—Ç–æ –ù–∞–≤–∞–ª—å–Ω—ã–º (–∫—Ç–æ —ç—Ç–æ?) –æ–±–≤–∏–Ω—è–µ–º—ã–º –≤ –º–æ—à–µ–Ω–Ω–∏—á–µ—Å—Ç–≤–µ –∑–∞–ø—Ä–æ—Å–∏–ª 13 –ª–µ—Ç —Ç—é—Ä—å–º—ã‚Ä¶
RT @inRussia_online: –¢–µ–º –≤—Ä–µ–º–µ–Ω–µ–º –æ–±–≤–∏–Ω–µ–Ω–∏–µ –∑–∞–ø—Ä–æ—Å–∏–ª–æ –ê–ª–µ–∫—Å–µ—é –ù–∞–≤–∞–ª—å–Ω–æ–º—É 13 –ª–µ—Ç –ª–∏—à–µ–Ω–∏—è —Å–≤–æ–±–æ–¥—ã, —à—Ç—Ä–∞—Ñ 1 200 000 —Ä—É–±–ª–µ–π –∏ 2 –≥–æ–¥–∞ –æ–≥—Ä–∞–Ω–∏—á–µ–Ω–∏‚Ä¶
RT @lIllllIlllllIIl: –í–æ—Ç—Å–∞–ø –∫–∞–∫ –≤–µ—Ä–Ω–æ–µ –¥–∏—Ç—è –º–µ—Ç—ã –≤–≤–æ–¥–∏—Ç –æ–≥—Ä–∞–Ω–∏—á–µ–Ω–∏—è –¥–ª—è —Ä–æ—Å—Å–∏—è–Ω —Å 16 —á–∏—Å–ª–∞. –î–∞ –∫–æ–≥–¥–∞ –∂–µ —É–∂–µ –Ω–∞—á–Ω—É—Ç –º–µ—Ç–∏—Ç—å –∂—ë–ª—Ç—ã–º —Å—Ç–∏–∫–µ—Ä–æ–º?
RT @IvanProhorov18: –¢–µ–º –≤—Ä–µ–º–µ–Ω–µ–º –≤–µ—Ä–Ω—ë–º—Å—è –≤ –ú–æ—Å–∫–≤—É.  –û–±–≤–∏–Ω–µ–Ω–∏–µ –∑–∞–ø—Ä–æ—Å–∏–ª–æ –ê–ª–µ–∫—Å–µ—é –ù–∞–≤–∞–ª—å–Ω–æ–º—É 13 –ª–µ—Ç –ª–∏—à–µ–Ω–∏—è —Å–≤–æ–±–æ–¥—ã, —à—Ç—Ä–∞—Ñ 1 200 000 —Ä—É–±–ª–µ–π‚Ä¶
RT @nesanechkaa: –ë–∞–∑–∞ –≤–µ—â–∞–µ—Ç:  –û–±–≤–∏–Ω–µ–Ω–∏–µ –∑–∞–ø—Ä–æ—Å–∏–ª–æ –ê–ª–µ–∫—Å–µ—é –ù–∞–≤–∞–ª—å–Ω–æ–º—É 13 –ª–µ—Ç –ª–∏—à–µ–Ω–∏—è —Å–≤–æ–±–æ–¥—ã, —à—Ç—Ä–∞—Ñ 1 200 000 —Ä—É–±–ª–µ–π –∏ 2 –≥–æ–¥–∞ –æ–≥—Ä–∞–Ω–∏—á–µ–Ω–∏—è —Å‚Ä¶
RT @inRussia_online: –¢–µ–º –≤—Ä–µ–º–µ–Ω–µ–º –æ–±–≤–∏–Ω–µ–Ω–∏–µ –∑–∞–ø—Ä–æ—Å–∏–ª–æ –ê–ª–µ–∫—Å–µ—é –ù–∞–≤–∞–ª—å–Ω–æ–º—É 13 –ª–µ—Ç –ª–∏—à–µ–Ω–∏—è —Å–≤–æ–±–æ–¥—ã, —à—Ç—Ä–∞—Ñ 1 200 000 —Ä—É–±–ª–µ–π –∏ 2 –≥–æ–¥–∞ –æ–≥—Ä–∞–Ω–∏—á–µ–Ω–∏‚Ä¶
–û –ø–æ–∑–∏—Ç–∏–≤–Ω—ã—Ö (—É—Å–ª–æ–≤–∏—è –¥–ª—è –∑–∞—á–µ—Ç–∞) –∏ –Ω–µ–≥–∞—Ç–∏–≤–Ω—ã—Ö (–æ–≥—Ä–∞–Ω–∏—á–µ–Ω–∏—è –∑–∞—á–µ—Ç–∞) –ø—Ä–µ–¥–ø–æ—Å—ã–ª–∫–∞—Ö –∑–∞—á–µ—Ç–∞ —á–∏—Ç–∞–π—Ç–µ –≤ –Ω–æ–≤–æ–º –Ω–æ–º–µ—Ä–µ #–∂—É—Ä–Ω–∞–ª–ó–∞–∫–æ–Ω  https://t.co/fktmYM9zpq https://t.co/Jx366IHbvZ
RT @nesanechkaa: –ë–∞–∑–∞ –≤–µ—â–∞–µ—Ç:  –û–±–≤–∏–Ω–µ–Ω–∏–µ –∑–∞–ø—Ä–æ—Å–∏–ª–æ –ê–ª–µ–∫—Å–µ—é –ù–∞–≤–∞–ª—å–Ω–æ–º—É 13 –ª–µ—Ç –ª–∏—à–µ–Ω–∏—è —Å–≤–æ–±–æ–¥—ã, —à—Ç—Ä–∞—Ñ 1 200 000 —Ä—É–±–ª–µ–π –∏ 2 –≥–æ–¥–∞ –æ–≥—Ä–∞–Ω–∏—á–µ–Ω–∏—è —Å‚Ä¶
RT @nesanechkaa: –ë–∞–∑–∞ –≤–µ—â–∞–µ—Ç:  –û–±–≤–∏–Ω–µ–Ω–∏–µ –∑–∞–ø—Ä–æ—Å–∏–ª–æ –ê–ª–µ–∫—Å–µ—é –ù–∞–≤–∞–ª—å–Ω–æ–º—É 13 –ª–µ—Ç –ª–∏—à–µ–Ω–∏—è —Å–≤–æ–±–æ–¥—ã, —à—Ç—Ä–∞—Ñ 1 200 000 —Ä—É–±–ª–µ–π –∏ 2 –≥–æ–¥–∞ –æ–≥—Ä–∞–Ω–∏—á–µ–Ω–∏—è —Å‚Ä¶
RT @vikschum: "–í —á–µ—Ç–≤–µ—Ä—Ç—ã–π –ø–∞–∫–µ—Ç —Å–∞–Ω–∫—Ü–∏–π –ï–°  –≤–æ—à–ª–∏ –Ω–æ–≤—ã–µ –æ–≥—Ä–∞–Ω–∏—á–µ–Ω–∏—è –Ω–∞ —Ç–æ—Ä–≥–æ–≤–ª—é —Å –†–æ—Å—Å–∏–µ–π. –í —á–∞—Å—Ç–Ω–æ—Å—Ç–∏, —ç—Ç–æ –∑–∞–ø—Ä–µ—Ç –Ω–∞ –ø–æ—Å—Ç–∞–≤–∫–∏ –≤ –†–§ –ø—Ä–µ–¥–º–µ‚Ä¶
RT @nesanechkaa: –ë–∞–∑–∞ –≤–µ—â–∞–µ—Ç:  –û–±–≤–∏–Ω–µ–Ω–∏–µ –∑–∞–ø—Ä–æ—Å–∏–ª–æ –ê–ª–µ–∫—Å–µ—é –ù–∞–≤–∞–ª—å–Ω–æ–º—É 13 –ª–µ—Ç –ª–∏—à–µ–Ω–∏—è —Å–≤–æ–±–æ–¥—ã, —à—Ç—Ä–∞—Ñ 1 200 000 —Ä—É–±–ª–µ–π –∏ 2 –≥–æ–¥–∞ –æ–≥—Ä–∞–Ω–∏—á–µ–Ω–∏—è —Å‚Ä¶
–ë–∞–Ω–∫–∏ –ø—Ä–æ–¥–æ–ª–∂–∞—é—Ç –≤–≤–æ–¥–∏—Ç—å –æ–≥—Ä–∞–Ω–∏—á–µ–Ω–∏—è, —Å–≤—è–∑–∞–Ω–Ω—ã–µ —Å –≤–∞–ª—é—Ç–æ–π. –†–∞—Å—Å–∫–∞–∑—ã–≤–∞–µ–º, —Å–∫–æ–ª—å–∫–æ –º–æ–∂–Ω–æ —Å–Ω—è—Ç—å –∑–∞ —Ä–∞–∑.   –ù–∞–ø—Ä–∏–º–µ—Ä, –≤ ¬´–ü—Ä–∏–æ—Ä–±–∞–Ω–∫–µ¬ª –¥–æ 3000 –¥–æ–ª–ª–∞—Ä–æ–≤ –≤ —ç–∫–≤–∏–≤–∞–ª–µ–Ω—Ç–µ.   https://t.co/IosKU6Erdz https://t.co/gMHBIdoCqE
RT @Z_deadppooll_Z: –ì–æ—Å—É–¥–∞—Ä—Å—Ç–≤–µ–Ω–Ω—ã–π –æ–±–≤–∏–Ω–∏—Ç–µ–ª—å –Ω–∞ –ø—Ä–æ—Ü–µ—Å—Å–µ –Ω–∞–¥ –∫–∞–∫–∏–º-—Ç–æ –ù–∞–≤–∞–ª—å–Ω—ã–º (–∫—Ç–æ —ç—Ç–æ?) –æ–±–≤–∏–Ω—è–µ–º—ã–º –≤ –º–æ—à–µ–Ω–Ω–∏—á–µ—Å—Ç–≤–µ –∑–∞–ø—Ä–æ—Å–∏–ª 13 –ª–µ—Ç —Ç—é—Ä‚Ä¶
‚ö°Ô∏è‚ö°Ô∏è–û–±–≤–∏–Ω–µ–Ω–∏–µ –∑–∞–ø—Ä–æ—Å–∏–ª–æ –ê–ª–µ–∫—Å–µ—é –ù–∞–≤–∞–ª—å–Ω–æ–º—É 13 –ª–µ—Ç –ª–∏—à–µ–Ω–∏—è —Å–≤–æ–±–æ–¥—ã, —à—Ç—Ä–∞—Ñ 1 200 000 —Ä—É–±–ª–µ–π –∏ 2 –≥–æ–¥–∞ –æ–≥—Ä–∞–Ω–∏—á–µ–Ω–∏—è —Å–≤–æ–±–æ–¥—ã.  –ï–≥–æ –æ–±–≤–∏–Ω—è—é—Ç –≤ –º–æ—à–µ–Ω–Ω–∏—á–µ—Å—Ç–≤–µ –∏ –æ—Å–∫–æ—Ä–±–ª–µ–Ω–∏–µ —Å—É–¥—å–∏.
RT @SotaVision: ‚ÄºÔ∏è –ü—Ä–æ–∫—É—Ä–∞—Ç—É—Ä–∞ –∑–∞–ø—Ä–æ—Å–∏–ª–∞ –ê–ª–µ–∫—Å–µ—é –ù–∞–≤–∞–ª—å–Ω–æ–º—É 13 –ª–µ—Ç –ª–∏—à–µ–Ω–∏—è —Å–≤–æ–±–æ–¥—ã, —à—Ç—Ä–∞—Ñ 1 200 000 —Ä—É–±–ª–µ–π –∏ 2 –≥–æ–¥–∞ –æ–≥—Ä–∞–Ω–∏—á–µ–Ω–∏—è —Å–≤–æ–±–æ–¥—ã.
RT @svtv_news: ‚ö°Ô∏è –ü—Ä–æ–∫—É—Ä–∞—Ç—É—Ä–∞ –∑–∞–ø—Ä–æ—Å–∏–ª–∞ –¥–ª—è –ù–∞–≤–∞–ª—å–Ω–æ–≥–æ 13 –ª–µ—Ç –ª–∏—à–µ–Ω–∏—è —Å–≤–æ–±–æ–¥—ã, —à—Ç—Ä–∞—Ñ –≤ 1 200 000 —Ä—É–±–ª–µ–π –∏ 2 –≥–æ–¥–∞ –æ–≥—Ä–∞–Ω–∏—á–µ–Ω–∏—è —Å–≤–æ–±–æ–¥—ã.
¬´–ë–µ–ª–∞–≥—Ä–æ–º–±–∞–Ω–∫¬ª –∏ ¬´–ü—Ä–∏–æ—Ä–±–∞–Ω–∫¬ª –≤–≤–µ–ª–∏ –Ω–æ–≤—ã–µ –æ–≥—Ä–∞–Ω–∏—á–µ–Ω–∏—è –ø–æ —Å–Ω—è—Ç–∏—é –≤–∞–ª—é—Ç—ã –∏ –æ–ø–µ—Ä–∞—Ü–∏—è–º —Å –Ω–µ–π.  –ü–æ–¥—Ä–æ–±–Ω–æ—Å—Ç–∏ - https://t.co/nMhfSYmQfO https://t.co/E3dHly9uSi
RT @villagebel: –ö–∞–∫–∏–µ –æ–≥—Ä–∞–Ω–∏—á–µ–Ω–∏—è –ø–æ –∫–∞—Ä—Ç–æ—á–∫–∞–º –≤–≤–µ–ª–∏ –±–µ–ª–∞—Ä—É—Å–∫–∏–µ –±–∞–Ω–∫–∏: –°–æ–±—Ä–∞–ª–∏ –≤—Å–µ –≤–∞–∂–Ω—ã–µ –∏–∑–º–µ–Ω–µ–Ω–∏—è  –ß–∏—Ç–∞–π—Ç–µ –Ω–∞ —Å–∞–π—Ç–µ —á–µ—Ä–µ–∑ VPN üëá https://t‚Ä¶
–¢–µ–º –≤—Ä–µ–º–µ–Ω–µ–º –≤–µ—Ä–Ω—ë–º—Å—è –≤ –ú–æ—Å–∫–≤—É.  –û–±–≤–∏–Ω–µ–Ω–∏–µ –∑–∞–ø—Ä–æ—Å–∏–ª–æ –ê–ª–µ–∫—Å–µ—é –ù–∞–≤–∞–ª—å–Ω–æ–º—É 13 –ª–µ—Ç –ª–∏—à–µ–Ω–∏—è —Å–≤–æ–±–æ–¥—ã, —à—Ç—Ä–∞—Ñ 1 200 000 —Ä—É–±–ª–µ–π –∏ 2 –≥–æ–¥–∞ –æ–≥—Ä–∞–Ω–∏—á–µ–Ω–∏—è —Å–≤–æ–±–æ–¥—ã. –ï–≥–æ –æ–±–≤–∏–Ω—è—é—Ç –≤ –º–æ—à–µ–Ω–Ω–∏—á–µ—Å—Ç–≤–µ –∏ –æ—Å–∫–æ—Ä–±–ª–µ–Ω–∏–µ —Å—É–¥—å–∏.
RT @SotaVision: ‚ÄºÔ∏è –ü—Ä–æ–∫—É—Ä–∞—Ç—É—Ä–∞ –∑–∞–ø—Ä–æ—Å–∏–ª–∞ –ê–ª–µ–∫—Å–µ—é –ù–∞–≤–∞–ª—å–Ω–æ–º—É 13 –ª–µ—Ç –ª–∏—à–µ–Ω–∏—è —Å–≤–æ–±–æ–¥—ã, —à—Ç—Ä–∞—Ñ 1 200 000 —Ä—É–±–ª–µ–π –∏ 2 –≥–æ–¥–∞ –æ–≥—Ä–∞–Ω–∏—á–µ–Ω–∏—è —Å–≤–æ–±–æ–¥—ã.
RT @nesanechkaa: –ë–∞–∑–∞ –≤–µ—â–∞–µ—Ç:  –û–±–≤–∏–Ω–µ–Ω–∏–µ –∑–∞–ø—Ä–æ—Å–∏–ª–æ –ê–ª–µ–∫—Å–µ—é –ù–∞–≤–∞–ª—å–Ω–æ–º—É 13 –ª–µ—Ç –ª–∏—à–µ–Ω–∏—è —Å–≤–æ–±–æ–¥—ã, —à—Ç—Ä–∞—Ñ 1 200 000 —Ä—É–±–ª–µ–π –∏ 2 –≥–æ–¥–∞ –æ–≥—Ä–∞–Ω–∏—á–µ–Ω–∏—è —Å‚Ä¶
RT @Nemtsov_most: ‚ö°Ô∏è‚ö°Ô∏è‚ö°Ô∏è–ü–æ —Å–æ–≤–æ–∫—É–ø–Ω–æ—Å—Ç–∏ –æ–±–≤–∏–Ω–µ–Ω–∏—è –ø—Ä–æ–∫—É—Ä–æ—Ä –ø—Ä–æ—Å–∏—Ç –Ω–∞–∑–Ω–∞—á–∏—Ç—å –ù–∞–≤–∞–ª—å–Ω–æ–º—É –¥–µ—Å—è—Ç—å –ª–µ—Ç –ª–∏—à–µ–Ω–∏—è —Å–≤–æ–±–æ–¥—ã —Å–æ —à—Ç—Ä–∞—Ñ–æ–º 1,2 –º–∏–ª–ª–∏–æ–Ω–∞ —Ä‚Ä¶
RT @nesanechkaa: –ë–∞–∑–∞ –≤–µ—â–∞–µ—Ç:  –û–±–≤–∏–Ω–µ–Ω–∏–µ –∑–∞–ø—Ä–æ—Å–∏–ª–æ –ê–ª–µ–∫—Å–µ—é –ù–∞–≤–∞–ª—å–Ω–æ–º—É 13 –ª–µ—Ç –ª–∏—à–µ–Ω–∏—è —Å–≤–æ–±–æ–¥—ã, —à—Ç—Ä–∞—Ñ 1 200 000 —Ä—É–±–ª–µ–π –∏ 2 –≥–æ–¥–∞ –æ–≥—Ä–∞–Ω–∏—á–µ–Ω–∏—è —Å‚Ä¶
–í–æ—Ç—Å–∞–ø –∫–∞–∫ –≤–µ—Ä–Ω–æ–µ –¥–∏—Ç—è –º–µ—Ç—ã –≤–≤–æ–¥–∏—Ç –æ–≥—Ä–∞–Ω–∏—á–µ–Ω–∏—è –¥–ª—è —Ä–æ—Å—Å–∏—è–Ω —Å 16 —á–∏—Å–ª–∞. –î–∞ –∫–æ–≥–¥–∞ –∂–µ —É–∂–µ –Ω–∞—á–Ω—É—Ç –º–µ—Ç–∏—Ç—å –∂—ë–ª—Ç—ã–º —Å—Ç–∏–∫–µ—Ä–æ–º?
RT @nesanechkaa: –ë–∞–∑–∞ –≤–µ—â–∞–µ—Ç:  –û–±–≤–∏–Ω–µ–Ω–∏–µ –∑–∞–ø—Ä–æ—Å–∏–ª–æ –ê–ª–µ–∫—Å–µ—é –ù–∞–≤–∞–ª—å–Ω–æ–º—É 13 –ª–µ—Ç –ª–∏—à–µ–Ω–∏—è —Å–≤–æ–±–æ–¥—ã, —à—Ç—Ä–∞—Ñ 1 200 000 —Ä—É–±–ª–µ–π –∏ 2 –≥–æ–¥–∞ –æ–≥—Ä–∞–Ω–∏—á–µ–Ω–∏—è —Å‚Ä¶
RT @erudenko: –†–æ—Å—Å–∏–π—Å–∫–∞—è –ø—Ä–æ–ø–∞–≥–∞–Ω–¥–∞ –≥–æ–≤–æ—Ä–∏—Ç –æ —Ç–æ–º, —á—Ç–æ –æ–Ω–∏ –±–ª–æ–∫–∏—Ä—É—é—Ç VPN —Å–µ—Ä–≤–∏—Å—ã :-)  –≠—Ç–æ –æ—á–µ–Ω—å —Å–º–µ—à–Ω–æ. –°–¥–µ–ª–∞—Ç—å –æ–Ω–∏ —ç—Ç–æ–≥–æ —Ç–µ—Ö–Ω–∏—á–µ—Å–∫–∏ –Ω–µ —Å–º–æ‚Ä¶
–†–æ—Å—Å–∏–π—Å–∫–∞—è –ø—Ä–æ–ø–∞–≥–∞–Ω–¥–∞ –≥–æ–≤–æ—Ä–∏—Ç –æ —Ç–æ–º, —á—Ç–æ –æ–Ω–∏ –±–ª–æ–∫–∏—Ä—É—é—Ç VPN —Å–µ—Ä–≤–∏—Å—ã :-)  –≠—Ç–æ –æ—á–µ–Ω—å —Å–º–µ—à–Ω–æ. –°–¥–µ–ª–∞—Ç—å –æ–Ω–∏ —ç—Ç–æ–≥–æ —Ç–µ—Ö–Ω–∏—á–µ—Å–∫–∏ –Ω–µ —Å–º–æ–≥—É—Ç, –µ—Å–ª–∏ VPN —Å–µ—Ä–≤–∏—Å –Ω–æ—Ä–º–∞–ª—å–Ω—ã–π.  –Ø —Ä–∞–±–æ—Ç–∞–ª —Å –∫–æ–º–∞–Ω–¥–æ–π ExpressVPN, –æ–Ω–∏ —É–¥–∞—á–Ω–æ –æ–±—Ö–æ–¥–∏–ª–∏ –≤—Å–µ –∑–∞–ø—Ä–µ—Ç—ã –ö–∏—Ç–∞–π—Å–∫–æ–≥ —Ñ–∞–µ—Ä–≤–æ–ª–∞, –æ–±—Ö–æ–¥—è –≤—Å–µ –Ω–æ–≤—ã–µ –æ–≥—Ä–∞–Ω–∏—á–µ–Ω–∏—è.
–ù–∞ –≥—Ä–∞–Ω–∏—Ü–µ –ë—Ä—è–Ω—Å–∫–æ–π –æ–±–ª–∞—Å—Ç–∏ –∏ –ë–µ–ª–æ—Ä—É—Å—Å–∏–∏ —Å–Ω–∏–º—É—Ç –∫–æ—Ä–æ–Ω–∞–≤–∏—Ä—É—Å–Ω—ã–µ –æ–≥—Ä–∞–Ω–∏—á–µ–Ω–∏—è https://t.co/IvEdoJVTlT  –†–µ—à–µ–Ω–∏–µ –æ–≥—Ä–∞–Ω–∏—á–∏—Ç—å —Å—É—Ö–æ–ø—É—Ç–Ω–æ–µ —Å–æ–æ–±—â–µ–Ω–∏–µ —á–µ—Ä–µ–∑ –≥—Ä–∞–Ω–∏—Ü—É —Å –ë–µ–ª–æ—Ä—É—Å—Å–∏–µ–π –≤–≤–æ–¥–∏–ª–æ—Å—å –ø–æ—Å—Ç–∞–Ω–æ–≤–ª–µ–Ω–∏–µ–º —Ä–æ—Å—Å–∏–π—Å–∫–æ–≥–æ –ø—Ä–∞–≤–∏—Ç–µ–ª—å—Å—Ç–≤–∞ –Ω–∞ —Ñ–æ–Ω–µ –ø–∞–Ω–¥–µ–º–∏–∏ –∫–æ—Ä–æ–Ω–∞–≤–∏—Ä—É—Å–∞ #–ë—Ä—è–Ω—Å–∫ #–ù–ë https://t.co/BzYylfo8s8
RT @kompolk: –û–≥—Ä–∞–Ω–∏—á–µ–Ω–∏—è –Ω–∞ –∑–∞–∫—É–ø–∫—É —Ä–æ—Å—Å–∏–π—Å–∫–æ–≥–æ –≥—Ä–∞–Ω—É–ª–∏—Ä–æ–≤–∞–Ω–Ω–æ–≥–æ –¥—Ä–µ–≤–µ—Å–Ω–æ–≥–æ —Ç–æ–ø–ª–∏–≤–∞ —É—Å—É–≥—É–±–ª—è—é—Ç —ç–Ω–µ—Ä–≥–µ—Ç–∏—á–µ—Å–∫–∏–π –∫—Ä–∏–∑–∏—Å.  –ì–æ–≤–æ—Ä–∏–ª –∂–µ –ü—É—Ç–∏–Ω, —á—Ç‚Ä¶
RT @svtv_news: ‚ö°Ô∏è –ü—Ä–æ–∫—É—Ä–∞—Ç—É—Ä–∞ –∑–∞–ø—Ä–æ—Å–∏–ª–∞ –¥–ª—è –ù–∞–≤–∞–ª—å–Ω–æ–≥–æ 13 –ª–µ—Ç –ª–∏—à–µ–Ω–∏—è —Å–≤–æ–±–æ–¥—ã, —à—Ç—Ä–∞—Ñ –≤ 1 200 000 —Ä—É–±–ª–µ–π –∏ 2 –≥–æ–¥–∞ –æ–≥—Ä–∞–Ω–∏—á–µ–Ω–∏—è —Å–≤–æ–±–æ–¥—ã.
RT @svtv_news: ‚ö°Ô∏è –ü—Ä–æ–∫—É—Ä–∞—Ç—É—Ä–∞ –∑–∞–ø—Ä–æ—Å–∏–ª–∞ –¥–ª—è –ù–∞–≤–∞–ª—å–Ω–æ–≥–æ 13 –ª–µ—Ç –ª–∏—à–µ–Ω–∏—è —Å–≤–æ–±–æ–¥—ã, —à—Ç—Ä–∞—Ñ –≤ 1 200 000 —Ä—É–±–ª–µ–π –∏ 2 –≥–æ–¥–∞ –æ–≥—Ä–∞–Ω–∏—á–µ–Ω–∏—è —Å–≤–æ–±–æ–¥—ã.
RT @nesanechkaa: –ë–∞–∑–∞ –≤–µ—â–∞–µ—Ç:  –û–±–≤–∏–Ω–µ–Ω–∏–µ –∑–∞–ø—Ä–æ—Å–∏–ª–æ –ê–ª–µ–∫—Å–µ—é –ù–∞–≤–∞–ª—å–Ω–æ–º—É 13 –ª–µ—Ç –ª–∏—à–µ–Ω–∏—è —Å–≤–æ–±–æ–¥—ã, —à—Ç—Ä–∞—Ñ 1 200 000 —Ä—É–±–ª–µ–π –∏ 2 –≥–æ–¥–∞ –æ–≥—Ä–∞–Ω–∏—á–µ–Ω–∏—è —Å‚Ä¶
RT @nesanechkaa: –ë–∞–∑–∞ –≤–µ—â–∞–µ—Ç:  –û–±–≤–∏–Ω–µ–Ω–∏–µ –∑–∞–ø—Ä–æ—Å–∏–ª–æ –ê–ª–µ–∫—Å–µ—é –ù–∞–≤–∞–ª—å–Ω–æ–º—É 13 –ª–µ—Ç –ª–∏—à–µ–Ω–∏—è —Å–≤–æ–±–æ–¥—ã, —à—Ç—Ä–∞—Ñ 1 200 000 —Ä—É–±–ª–µ–π –∏ 2 –≥–æ–¥–∞ –æ–≥—Ä–∞–Ω–∏—á–µ–Ω–∏—è —Å‚Ä¶
RT @b_bratstvoBron: –∫–æ–Ω–≥–ª–æ–º–µ—Ä–∞—Ç –±–∞–Ω–∫–æ–≤ –®–≤–µ–π—Ü–∞—Ä–∏–∏ –≤—ã–¥–≤–∏–Ω—É–ª —É—Å–ª–æ–≤–∏—è –ò–õ–ò –í–´ –°–ù–ò–ú–ê–ï–¢–ï –û–ì–†–ê–ù–ò–ß–ï–ù–ò–Ø –ù–ê –§–ò–ù–ê–ù–°–û–í–´–ô –°–ï–ö–¢–û–† –†–û–°–°–ò–ò –ò–õ–ò –ú–´ –£–•–û–î–ò–ú –ò–ó‚Ä¶
RT @nesanechkaa: –ë–∞–∑–∞ –≤–µ—â–∞–µ—Ç:  –û–±–≤–∏–Ω–µ–Ω–∏–µ –∑–∞–ø—Ä–æ—Å–∏–ª–æ –ê–ª–µ–∫—Å–µ—é –ù–∞–≤–∞–ª—å–Ω–æ–º—É 13 –ª–µ—Ç –ª–∏—à–µ–Ω–∏—è —Å–≤–æ–±–æ–¥—ã, —à—Ç—Ä–∞—Ñ 1 200 000 —Ä—É–±–ª–µ–π –∏ 2 –≥–æ–¥–∞ –æ–≥—Ä–∞–Ω–∏—á–µ–Ω–∏—è —Å‚Ä¶
–í —Å–≤—è–∑–∏ —Å –ø–æ—Å–ª–µ–¥–Ω–∏–º–∏ —Å–æ–±—ã—Ç–∏—è–º–∏. –í —Å—Ç–æ—Ä–æ–Ω—É @ioannadenisova4 –≤–≤–æ–¥—è—Ç—Å—è –æ–≥—Ä–∞–Ω–∏—á–µ–Ω–∏—è.  –î–∞–Ω–Ω–æ–µ —Ñ–∏–∑. –ª–∏—Ü–æ –±–æ–ª–µ–µ –Ω–µ –∏–º–µ–µ—Ç –ø—Ä–∞–≤–æ –ø—Ä–∏–±–ª–∏–∂–∞—Ç—å—Å—è –∫ –º–æ–∏–º –±—É–ª–∫–∞–º, —Å–æ–æ—Ç–≤–µ—Ç—Å—Ç–≤–µ–Ω–Ω–æ –≤—Å–µ –ª—é–±—ã–µ –ø—Ä–æ—Ç–∏–≤–æ–ø—Ä–∞–≤–Ω—ã–µ –¥–µ–π—Å—Ç–≤–∏—è, –∫–æ—Ç–æ—Ä—ã–µ –Ω–∞—Ä—É—à–∞—é—Ç –¥–∞–Ω–Ω—ã–µ –æ–≥—Ä–∞–Ω–∏—á–µ–Ω–∏—è, –±—É–¥—É—Ç –∫–∞—Ä–∞—Ç—å—Å—è "–ª–µ—â–æ–º"!
RT @nesanechkaa: –ë–∞–∑–∞ –≤–µ—â–∞–µ—Ç:  –û–±–≤–∏–Ω–µ–Ω–∏–µ –∑–∞–ø—Ä–æ—Å–∏–ª–æ –ê–ª–µ–∫—Å–µ—é –ù–∞–≤–∞–ª—å–Ω–æ–º—É 13 –ª–µ—Ç –ª–∏—à–µ–Ω–∏—è —Å–≤–æ–±–æ–¥—ã, —à—Ç—Ä–∞—Ñ 1 200 000 —Ä—É–±–ª–µ–π –∏ 2 –≥–æ–¥–∞ –æ–≥—Ä–∞–Ω–∏—á–µ–Ω–∏—è —Å‚Ä¶
RT @nesanechkaa: –ë–∞–∑–∞ –≤–µ—â–∞–µ—Ç:  –û–±–≤–∏–Ω–µ–Ω–∏–µ –∑–∞–ø—Ä–æ—Å–∏–ª–æ –ê–ª–µ–∫—Å–µ—é –ù–∞–≤–∞–ª—å–Ω–æ–º—É 13 –ª–µ—Ç –ª–∏—à–µ–Ω–∏—è —Å–≤–æ–±–æ–¥—ã, —à—Ç—Ä–∞—Ñ 1 200 000 —Ä—É–±–ª–µ–π –∏ 2 –≥–æ–¥–∞ –æ–≥—Ä–∞–Ω–∏—á–µ–Ω–∏—è —Å‚Ä¶
RT @nesanechkaa: –ë–∞–∑–∞ –≤–µ—â–∞–µ—Ç:  –û–±–≤–∏–Ω–µ–Ω–∏–µ –∑–∞–ø—Ä–æ—Å–∏–ª–æ –ê–ª–µ–∫—Å–µ—é –ù–∞–≤–∞–ª—å–Ω–æ–º—É 13 –ª–µ—Ç –ª–∏—à–µ–Ω–∏—è —Å–≤–æ–±–æ–¥—ã, —à—Ç—Ä–∞—Ñ 1 200 000 —Ä—É–±–ª–µ–π –∏ 2 –≥–æ–¥–∞ –æ–≥—Ä–∞–Ω–∏—á–µ–Ω–∏—è —Å‚Ä¶
@alburov –ì–æ—Å—É–¥–∞—Ä—Å—Ç–≤–µ–Ω–Ω—ã–π –æ–±–≤–∏–Ω–∏—Ç–µ–ª—å –Ω–∞ –ø—Ä–æ—Ü–µ—Å—Å–µ –Ω–∞–¥ –ù–∞–≤–∞–ª—å–Ω—ã–º, –æ–±–≤–∏–Ω—è–µ–º—ã–º –≤ –º–æ—à–µ–Ω–Ω–∏—á–µ—Å—Ç–≤–µ, –∑–∞–ø—Ä–æ—Å–∏–ª 13 –ª–µ—Ç —Ç—é—Ä—å–º—ã –∏ 2 –≥–æ–¥–∞ –æ–≥—Ä–∞–Ω–∏—á–µ–Ω–∏—è —Å–≤–æ–±–æ–¥—ã + —à—Ç—Ä–∞—Ñ –≤ —Ä–∞–∑–º–µ—Ä–µ 1,2 –º–ª–Ω. —Ä—É–±–ª–µ–π.
RT @Sandy_mustache: –ï–° –≤–≤–µ–ª –æ–≥—Ä–∞–Ω–∏—á–µ–Ω–∏—è –Ω–∞ –∏–º–ø–æ—Ä—Ç –ø—Ä–æ–¥—É–∫—Ü–∏–∏ –∏–∑ —Å—Ç–∞–ª–∏ –∏ –∂–µ–ª–µ–∑–∞ –∏–∑ –†–æ—Å—Å–∏–∏ –∏ –∑–∞–ø—Ä–µ—Ç–∏–ª —ç–∫—Å–ø–æ—Ä—Ç –≤ –†–æ—Å—Å–∏—é –ø—Ä–µ–¥–º–µ—Ç–æ–≤ —Ä–æ—Å–∫–æ—à–∏
