üçÅ –ë–∞–π–¥–µ–Ω –ø—Ä–∏–ª–µ—Ç–∏—Ç—å –¥–æ –Ñ–≤—Ä–æ–ø–∏ —á–µ—Ä–µ–∑ –£–∫—Ä–∞—ó–Ω—É - NBC.  ‚ùóÔ∏è –Ü–º–æ–≤—ñ—Ä–Ω—ñ—Å—Ç—å –≤—ñ–∑–∏—Ç—É –ø—Ä–µ–∑–∏–¥–µ–Ω—Ç–∞ –°–®–ê —î –≤–∏—Å–æ–∫–æ—é, –ø–∏—à—É—Ç—å –∞–º–µ—Ä–∏–∫–∞–Ω—Å—å–∫—ñ –∂—É—Ä–Ω–∞–ª—ñ—Å—Ç–∏. –ë—ñ–ª–∏–π –¥—ñ–º –∑–∞—Ä–∞–∑ –ø—Ä–∞—Ü—é—î –Ω–∞–¥ –æ—Ä–≥–∞–Ω—ñ–∑–∞—Ü—ñ–π–Ω–∏–º–∏ –ø–∏—Ç–∞–Ω–Ω—è–º–∏. –ú–µ—Ç–∞ ‚Äì –æ–±–≥–æ–≤–æ—Ä–µ–Ω–Ω—è –≤—ñ–π–Ω–∏ –≤ –£–∫—Ä–∞—ó–Ω—ñ —Ç–∞ –º–æ–∂–ª–∏–≤—ñ –∑—É—Å—Ç—Ä—ñ—á—ñ –∑ "—É—á–∞—Å–Ω–∏–∫–∞–º–∏ –∫–æ–Ω—Ñ–ª—ñ–∫—Ç—É". https://t.co/g5vbOyp1Zz
@anixatixa @Lisnik65 –¢–æ—á–Ω–æ: –±–µ–∑ –∫–æ—Ä—É–ø—Ü—ñ—ó —ñ –∫—É–º—ñ–≤—Å—Ç–≤–∞, –æ–ª—ñ–≥–∞—Ä—Ö—ñ–≤ —ñ –º–æ—Å–∫–æ–≤—Ñ—ñ–ª—ñ–≤... –û—Ç —Ç–ª—ñ—å–∫–∏ —á–∏ –Ω–µ –±—É–¥–µ –∫–æ–Ω—Ñ–ª—ñ–∫—Ç—É —ñ–Ω—Ç–µ—Ä–µ—Å—ñ–≤ —É –¥–µ–∫–æ–≥–æ??
@ANYNAME2025 –î–æ–±—Ä–æ–≥–æ –¥–Ω—è. –í–∏ –º–æ–∂–µ—Ç–µ –≤—ñ–¥—Å—Ç–µ–∂—É–≤–∞—Ç–∏ –Ω–∞—à—É —Ä–æ–±–æ—Ç—É –ø—ñ–¥ —á–∞—Å –∑–±—Ä–æ–π–Ω–æ–≥–æ –∫–æ–Ω—Ñ–ª—ñ–∫—Ç—É –Ω–∞ –æ—Ñ—ñ—Ü—ñ–π–Ω–∏—Ö —Å—Ç–æ—Ä—ñ–Ω–∫–∞—Ö –ß–µ—Ä–≤–æ–Ω–æ–≥–æ –•—Ä–µ—Å—Ç–∞ –£–∫—Ä–∞—ó–Ω–∏.  Facebook - @RedCrossUkraine. –°–∞–π—Ç - https://t.co/Swp9W4u1jL
@Ashwin__369 –ï–∫—Å–ø—Ä–µ—Å-–≤—ñ–∑–∏ –¥–æ—Å—Ç—É–ø–Ω—ñ –¥–ª—è –≥—Ä–æ–º–∞–¥—è–Ω –£–∫—Ä–∞—ó–Ω–∏, —è–∫—ñ –ø–æ—Å—Ç—Ä–∞–∂–¥–∞–ª–∏ –≤—ñ–¥ –≤—ñ–π–Ω–∏ —Ç–∞ –∫–æ–Ω—Ñ–ª—ñ–∫—Ç—É –≤ –ø–æ—à—É–∫–∞—Ö –∫—Ä–∞—â–æ–≥–æ –∂–∏—Ç—Ç—è —Ç–∞ —É–º–æ–≤ –∂–∏—Ç—Ç—è –∑ —Ä–æ–¥–∏–Ω–æ—é —Ç–∞ –¥—Ä—É–∑—è–º–∏ https://t.co/fRXePOKJKZ
@asifkhann70 –ï–∫—Å–ø—Ä–µ—Å-–≤—ñ–∑–∏ –¥–æ—Å—Ç—É–ø–Ω—ñ –¥–ª—è –≥—Ä–æ–º–∞–¥—è–Ω –£–∫—Ä–∞—ó–Ω–∏, —è–∫—ñ –ø–æ—Å—Ç—Ä–∞–∂–¥–∞–ª–∏ –≤—ñ–¥ –≤—ñ–π–Ω–∏ —Ç–∞ –∫–æ–Ω—Ñ–ª—ñ–∫—Ç—É –≤ –ø–æ—à—É–∫–∞—Ö –∫—Ä–∞—â–æ–≥–æ –∂–∏—Ç—Ç—è —Ç–∞ —É–º–æ–≤ –∂–∏—Ç—Ç—è –∑ —Ä–æ–¥–∏–Ω–æ—é —Ç–∞ –¥—Ä—É–∑—è–º–∏ https://t.co/fRXePOKJKZ
@darknesrangeres –Ω–µ, —Ç—Ä–µ–±–∞ –±—ñ–ª—å—à —Ç–µ–∑—ñ—Å–Ω–æ, –Ω–∞–≤—ñ—Ç—å –±–µ–∑ –∫–æ–Ω—Ç–µ–∫—Å—Ç—É. –ø–µ—Ä—ñ–æ–¥ - –Ω–∞–∑–≤–∞ "–∫–æ–Ω—Ñ–ª—ñ–∫—Ç—É". –∞–ª–µ –¥—è–∫—É—é, —ñ —Ü–µ –ø–æ—á–∏—Ç–∞—é
@EilishHart @markmackinnon –ï–∫—Å–ø—Ä–µ—Å-–≤—ñ–∑–∏ –¥–æ—Å—Ç—É–ø–Ω—ñ –¥–ª—è –≥—Ä–æ–º–∞–¥—è–Ω –£–∫—Ä–∞—ó–Ω–∏, —è–∫—ñ –ø–æ—Å—Ç—Ä–∞–∂–¥–∞–ª–∏ –≤—ñ–¥ –≤—ñ–π–Ω–∏ —Ç–∞ –∫–æ–Ω—Ñ–ª—ñ–∫—Ç—É –≤ –ø–æ—à—É–∫–∞—Ö –∫—Ä–∞—â–æ–≥–æ –∂–∏—Ç—Ç—è —Ç–∞ —É–º–æ–≤ –∂–∏—Ç—Ç—è –∑ —Ä–æ–¥–∏–Ω–æ—é —Ç–∞ –¥—Ä—É–∑—è–º–∏ https://t.co/fRXePOKJKZ
@EuromaidanPR @ZelenskyyUa –ï–∫—Å–ø—Ä–µ—Å-–≤—ñ–∑–∏ –¥–æ—Å—Ç—É–ø–Ω—ñ –¥–ª—è –≥—Ä–æ–º–∞–¥—è–Ω –£–∫—Ä–∞—ó–Ω–∏, —è–∫—ñ –ø–æ—Å—Ç—Ä–∞–∂–¥–∞–ª–∏ –≤—ñ–¥ –≤—ñ–π–Ω–∏ —Ç–∞ –∫–æ–Ω—Ñ–ª—ñ–∫—Ç—É –≤ –ø–æ—à—É–∫–∞—Ö –∫—Ä–∞—â–æ–≥–æ –∂–∏—Ç—Ç—è —Ç–∞ —É–º–æ–≤ –∂–∏—Ç—Ç—è –∑ —Ä–æ–¥–∏–Ω–æ—é —Ç–∞ –¥—Ä—É–∑—è–º–∏ https://t.co/fRXePOKJKZ
@EuromaidanPR –ï–∫—Å–ø—Ä–µ—Å-–≤—ñ–∑–∏ –¥–æ—Å—Ç—É–ø–Ω—ñ –¥–ª—è –≥—Ä–æ–º–∞–¥—è–Ω –£–∫—Ä–∞—ó–Ω–∏, —è–∫—ñ –ø–æ—Å—Ç—Ä–∞–∂–¥–∞–ª–∏ –≤—ñ–¥ –≤—ñ–π–Ω–∏ —Ç–∞ –∫–æ–Ω—Ñ–ª—ñ–∫—Ç—É –≤ –ø–æ—à—É–∫–∞—Ö –∫—Ä–∞—â–æ–≥–æ –∂–∏—Ç—Ç—è —Ç–∞ —É–º–æ–≤ –∂–∏—Ç—Ç—è –∑ —Ä–æ–¥–∏–Ω–æ—é —Ç–∞ –¥—Ä—É–∑—è–º–∏ https://t.co/fRXePOKJKZ
@Frialum –¢–∞–º –Ω–µ —Å–∫–∞–∑–∞–Ω–æ –ø—Ä–æ —á–∞—Å–æ–≤—ñ —Ä–∞–º–∫–∏. –¶–µ –º–æ–≥–ª–∞ –±—É—Ç–∏ —É–º–æ–≤–Ω–∞ –¥–æ–º–æ–≤–ª–µ–Ω—ñ—Å—Ç—å —â–µ –¥–æ –ø–æ—á–∞—Ç–æ–∫ –∫–æ–Ω—Ñ–ª—ñ–∫—Ç—É, –∞ –Ω–µ –≤—ñ–¥–ø–æ–≤—ñ–¥—å –Ω–∞ –≤—á–æ—Ä–∞—à–Ω—ñ–π –∫—Ä–∏–∫ –∑ –ø–∞—Ä–∞—à—ñ
@gauravcsawant @ZelenskyyUa 1/2 –ü—Ä–µ–∑–∏–¥–µ–Ω—Ç @ZelenskyyUa @DefenceU @MFA_Ukraine –≤—ñ–¥—Å—É—Ç–Ω—ñ—Å—Ç—å –ø–µ—Ä–µ–¥–±–∞—á–ª–∏–≤–æ—Å—Ç—ñ –∫–æ—à—Ç—É–≤–∞–ª–∞ –±–µ–∑–ø–µ—Ä–µ—Ä–≤–Ω–æ–≥–æ —Ä—É–π–Ω—É–≤–∞–Ω–Ω—è –∫—Ä–∞—ó–Ω–∏ –≤ —Ä—É—ó–Ω–∞—Ö —ñ –≤—Ç—Ä–∞—Ç –∂–∏—Ç—Ç—è –Ω–µ–≤–∏–Ω–Ω–∏—Ö —É–∫—Ä–∞—ó–Ω—Ü—ñ–≤. –í—ñ–Ω –ü–û–í–ò–ù–ù–û –ø–æ–∫–∞–∑–∞–≤ —Å–≤–æ—é –Ω–µ–∑–∞—Ü—ñ–∫–∞–≤–ª–µ–Ω—ñ—Å—Ç—å –ø—Ä–∏—î–¥–Ω–∞—Ç–∏—Å—è –¥–æ —á–ª–µ–Ω—Å—Ç–≤–∞ @NATO –∑–∞–¥–æ–≤–≥–æ –¥–æ –ø–æ—á–∞—Ç–∫—É –∫–æ–Ω—Ñ–ª—ñ–∫—Ç—É.
@Geeta_Mohan @ZelenskyyUa @ZelenskyyUa –í–∏ –ü–û–í–ò–ù–ù–Ü —Ä–æ–∑—É–º—ñ—Ç–∏ —Ç–∞–∫—É –Ü–†–†–ê–¶–Ü–û–ù–ê–õ–¨–ù–£ –≤–∏–º–æ–≥—É –æ—Ç—Ä–∏–º–∞—Ç–∏ –Ω–µ–º–æ–∂–ª–∏–≤–µ @NATO —á–ª–µ–Ω—Å—Ç–≤–æ –∑ 1-–≥–æ –¥–Ω—è –ö–æ–Ω—Ñ–ª—ñ–∫—Ç—É. –í–∏ –≤—Å–µ–ª–∏–ª–∏ FEARING VIBES –≤ @KremlinRussia_E, —ñ —Ç–µ–ø–µ—Ä —É—Å—ñ —É–∫—Ä–∞—ó–Ω—Ü—ñ –ø–ª–∞—Ç—è—Ç—å —Ü—ñ–Ω—É –∑–∞ –æ—Å—Ç–∞–Ω–Ω—ñ 19 –¥–Ω—ñ–≤ –ø–æ—á–∞—Ç–∫—É –∫–æ–Ω—Ñ–ª—ñ–∫—Ç—É. –ó–ê–í–ï–†–®–Ü–¢–¨ —Ü–µ–π –∫–æ–Ω—Ñ–ª—ñ–∫—Ç —ñ –≤—Ä—è—Ç—É–π—Ç–µ –∂–∏—Ç—Ç—è.
@hazel_baloch –ï–∫—Å–ø—Ä–µ—Å-–≤—ñ–∑–∏ –¥–æ—Å—Ç—É–ø–Ω—ñ –¥–ª—è –≥—Ä–æ–º–∞–¥—è–Ω –£–∫—Ä–∞—ó–Ω–∏, —è–∫—ñ –ø–æ—Å—Ç—Ä–∞–∂–¥–∞–ª–∏ –≤—ñ–¥ –≤—ñ–π–Ω–∏ —Ç–∞ –∫–æ–Ω—Ñ–ª—ñ–∫—Ç—É –≤ –ø–æ—à—É–∫–∞—Ö –∫—Ä–∞—â–æ–≥–æ –∂–∏—Ç—Ç—è —Ç–∞ —É–º–æ–≤ –∂–∏—Ç—Ç—è –∑ —Ä–æ–¥–∏–Ω–æ—é —Ç–∞ –¥—Ä—É–∑—è–º–∏ https://t.co/fRXePOKJKZ
@HromadskeUA —Ä–∏—Ç–æ—Ä–∏–∫–∞ –∑ –ø—ñ–¥—Ç–µ–∫—Å—Ç–æ–º –Ω–∞ –∑–∞–º–æ—Ä–æ–∑–∫—É –∫–æ–Ω—Ñ–ª—ñ–∫—Ç—É, –Ω–µ –ø–æ–¥–æ–±–∞—î—Ç—å—Å—è
@jegdorothea –ì—Ä–æ–º–∞–¥—è–Ω–∏ –¢—É—Ä–µ—á—á–∏–Ω–∏ —è–∫—ñ –ø—ñ–¥ —á–∞—Å –∫–æ–Ω—Ñ–ª—ñ–∫—Ç—É –±—É–ª–∏ –≤ –ú–∞—Ä—ñ—É–ø–æ–ª—ñ —ñ —Ö–æ–≤–∞–ª–∏—Å—è –ø—ñ–¥ –æ–±—Å—Ç—Ä—ñ–ª–∏: üóøüö¨
@kanalukraine –ó –ø–æ—á–∞—Ç–∫—É –∑–±—Ä–æ–π–Ω–æ–≥–æ –∫–æ–Ω—Ñ–ª—ñ–∫—Ç—É –≤–∞—à –ø—Ä–∞–ø–æ—Ä –∑–∞–π–º–∞—î –º—ñ—Å—Ü–µ –≤ –ø–µ—Ä—à–æ–º—É —Å—É—Å–ø—ñ–ª—å–Ω–æ–º—É —Ç–µ–ª–µ–±–∞—á–µ–Ω–Ω—ñ –ö–æ—Ä–æ–ª—ñ–≤—Å—Ç–≤–∞ –Ü—Å–ø–∞–Ω—ñ—è. https://t.co/HXq8hwImgi
@Kateryna_Kruk @lapatina_ @UN @NSDC_ua –ï–∫—Å–ø—Ä–µ—Å-–≤—ñ–∑–∏ –¥–æ—Å—Ç—É–ø–Ω—ñ –¥–ª—è –≥—Ä–æ–º–∞–¥—è–Ω –£–∫—Ä–∞—ó–Ω–∏, —è–∫—ñ –ø–æ—Å—Ç—Ä–∞–∂–¥–∞–ª–∏ –≤—ñ–¥ –≤—ñ–π–Ω–∏ —Ç–∞ –∫–æ–Ω—Ñ–ª—ñ–∫—Ç—É –≤ –ø–æ—à—É–∫–∞—Ö –∫—Ä–∞—â–æ–≥–æ –∂–∏—Ç—Ç—è —Ç–∞ —É–º–æ–≤ –∂–∏—Ç—Ç—è –∑ —Ä–æ–¥–∏–Ω–æ—é —Ç–∞ –¥—Ä—É–∑—è–º–∏ https://t.co/fRXePOKJKZ
@KyivIndependent –ï–∫—Å–ø—Ä–µ—Å-–≤—ñ–∑–∏ –¥–æ—Å—Ç—É–ø–Ω—ñ –¥–ª—è –≥—Ä–æ–º–∞–¥—è–Ω –£–∫—Ä–∞—ó–Ω–∏, —è–∫—ñ –ø–æ—Å—Ç—Ä–∞–∂–¥–∞–ª–∏ –≤—ñ–¥ –≤—ñ–π–Ω–∏ —Ç–∞ –∫–æ–Ω—Ñ–ª—ñ–∫—Ç—É –≤ –ø–æ—à—É–∫–∞—Ö –∫—Ä–∞—â–æ–≥–æ –∂–∏—Ç—Ç—è —Ç–∞ —É–º–æ–≤ –∂–∏—Ç—Ç—è –∑ —Ä–æ–¥–∏–Ω–æ—é —Ç–∞ –¥—Ä—É–∑—è–º–∏ https://t.co/fRXePOKJKZ
@Magya101 @i_army_org –¶–µ –¥–æ–±—Ä–µ. –¶–µ –æ–∑–Ω–∞–∫–∞ —Ü–∏–≤–∏–ª–∏–∑–æ–≤–∞–Ω–æ–≥–æ —Å—É—Å–ø—ñ–ª—å—Å—Ç–≤–∞, –∫–æ–ª–∏ –¥–µ—Ä–∂–∞–≤–∞ –Ω–∞–º–∞–≥–∞—î—Ç—å—Å—è —É—Å—É–Ω—É—Ç–∏—Å—å –∫–æ–Ω—Ñ–ª—ñ–∫—Ç—É –∏ —Å–±–µ—Ä–µ–≥—Ç–∏ –∂–∏—Ç—Ç—è –≤–ª–∞—Å–Ω–∏—Ö –≥—Ä–æ–º–∞–¥—è–Ω.
@MariaSemykoz –ï–∫—Å–ø—Ä–µ—Å-–≤—ñ–∑–∏ –¥–æ—Å—Ç—É–ø–Ω—ñ –¥–ª—è –≥—Ä–æ–º–∞–¥—è–Ω –£–∫—Ä–∞—ó–Ω–∏, —è–∫—ñ –ø–æ—Å—Ç—Ä–∞–∂–¥–∞–ª–∏ –≤—ñ–¥ –≤—ñ–π–Ω–∏ —Ç–∞ –∫–æ–Ω—Ñ–ª—ñ–∫—Ç—É –≤ –ø–æ—à—É–∫–∞—Ö –∫—Ä–∞—â–æ–≥–æ –∂–∏—Ç—Ç—è —Ç–∞ —É–º–æ–≤ –∂–∏—Ç—Ç—è –∑ —Ä–æ–¥–∏–Ω–æ—é —Ç–∞ –¥—Ä—É–∑—è–º–∏ https://t.co/fRXePOKJKZ
@mchancecnn –ï–∫—Å–ø—Ä–µ—Å-–≤—ñ–∑–∏ –¥–æ—Å—Ç—É–ø–Ω—ñ –¥–ª—è –≥—Ä–æ–º–∞–¥—è–Ω –£–∫—Ä–∞—ó–Ω–∏, —è–∫—ñ –ø–æ—Å—Ç—Ä–∞–∂–¥–∞–ª–∏ –≤—ñ–¥ –≤—ñ–π–Ω–∏ —Ç–∞ –∫–æ–Ω—Ñ–ª—ñ–∫—Ç—É –≤ –ø–æ—à—É–∫–∞—Ö –∫—Ä–∞—â–æ–≥–æ –∂–∏—Ç—Ç—è —Ç–∞ —É–º–æ–≤ –∂–∏—Ç—Ç—è –∑ —Ä–æ–¥–∏–Ω–æ—é —Ç–∞ –¥—Ä—É–∑—è–º–∏ https://t.co/fRXePOKJKZ
@MidnightCode1 –©–æ–± –ù–ê–¢–û —Å—Ç–∞–ª–æ —Å—Ç–æ—Ä–æ–Ω–æ—é –∫–æ–Ω—Ñ–ª—ñ–∫—Ç—É, —Ñ–æ—Ä–º–∞–ª—å–Ω–æ –Ω–µ—é –Ω–µ –±—É–¥—É—á–∏
@myroslavapetsa –ï–∫—Å–ø—Ä–µ—Å-–≤—ñ–∑–∏ –¥–æ—Å—Ç—É–ø–Ω—ñ –¥–ª—è –≥—Ä–æ–º–∞–¥—è–Ω –£–∫—Ä–∞—ó–Ω–∏, —è–∫—ñ –ø–æ—Å—Ç—Ä–∞–∂–¥–∞–ª–∏ –≤—ñ–¥ –≤—ñ–π–Ω–∏ —Ç–∞ –∫–æ–Ω—Ñ–ª—ñ–∫—Ç—É –≤ –ø–æ—à—É–∫–∞—Ö –∫—Ä–∞—â–æ–≥–æ –∂–∏—Ç—Ç—è —Ç–∞ —É–º–æ–≤ –∂–∏—Ç—Ç—è –∑ —Ä–æ–¥–∏–Ω–æ—é —Ç–∞ –¥—Ä—É–∑—è–º–∏ https://t.co/fRXePOKJKZ
@neumerherwam –¶–µ –±—É–ª–æ –± —á—É–¥–æ–≤–æ. –Ø–∫ –Ω–∞ –º–µ–Ω–µ –ö–∏—Ç–∞—é –∑–∞—Ä–∞–∑ –≤–∏–≥—ñ–¥–Ω—ñ—à–µ –≤—ñ–¥–∂–∞—Ç–∏ —á–∞—Å—Ç–∏–Ω—É —Ä—Ñ—ó—ó, –º–∞–π–∂–µ –±–µ–∑ –±–æ—é, —ñ –≤ –ø–µ—Ä–ø–µ–∫—Ç–∏–≤—ñ —Å—Ç–∞—Ç–∏ —â–µ –º–æ–≥—É—Ç–Ω—ñ—à–æ—é. –Ü –æ—Ç—Ä–∏–º–∞—Ç–∏ —Ç—ñ–ª—å–∫–∏ –æ—Å—É–¥ —Å–ø—ñ–ª—å–Ω–æ—Ç–∏. –ß–∏–º –≤–ª—ñ–∑—Ç–∏ –≤ —Ç–∞–π–≤–∞–Ω—å —ñ –º–∞—Ç–∏ —Ä—É–π–Ω—ñ–≤–Ω—ñ –Ω–∞—Å–ª—ñ–¥–∫–∏ –≤—ñ–π—Å—å–∫. –∫–æ–Ω—Ñ–ª—ñ–∫—Ç—É.
@N_K_town –í—ñ–¥–æ–º–∞ —Ñ—Ä–∞–∑–∞ –ø–æ–ª—ñ—Ç–∏—á–Ω–æ—ó –¥—ñ—è—á–∫–∏ —â–æ–¥–æ –∫–æ–Ω—Ñ–ª—ñ–∫—Ç—É –≤ –Ü–∑—Ä–∞—ó–ª—ñ, —è–∫–∞ –±—É–ª–∞ —Å–∫–∞–∑–∞–Ω–∞ –∑–∞–¥–æ–≤–≥–æ —è–∫ —Å–≤—ñ—Ç –≤–∑–Ω–∞–≤ —Ö—Ç–æ —Ç–∞–∫–∏–π –ü–æ—Ä–æ—à–µ–Ω–∫–æ. –î–ª—è –∑–∞–º—ñ–Ω–∏ –Ω–∞–∑–≤ –¥–µ—Ä–∂–∞–≤ –≤–µ–ª–∏–∫–æ–≥–æ –ø–æ–ª—ñ—Ç–∏—á–Ω–æ–≥–æ –¥–æ—Å–≤—ñ–¥—É –Ω–µ —Ç—Ä–µ–±–∞. –Ø–∫—â–æ —Ç–∏ –≤–∂–µ —Ç–∞–∫ —Ö–æ—á–µ—à –∫–æ–ª—É–ø–∞—Ç–∏—Å—å –≤ —Ç–æ–º—É, —Ö—Ç–æ –ø–µ—Ä—à–∏–π —ñ —â–æ —Å–∫–∞–∑–∞–≤.
@olehbatkovych –ü–∏—Ç–∞–Ω–Ω—è.  –£ –Ω–∞—Å 8 —Ä–æ–∫—ñ–≤ –≤—ñ–π–Ω–∏ –∑ –ú–æ—Å–∫–æ–≤—ñ—î—é. –Ø–∫ –Ω–∞–∑–∏–≤–∞—Ç–∏ 24 –ª—é—Ç–æ–≥–æ - –≥–æ—Å—Ç—Ä–∞ —Ñ–∞–∑–∞/—Ä–æ–∑–º–æ—Ä–æ–∂–µ–Ω–Ω—è –∫–æ–Ω—Ñ–ª—ñ–∫—Ç—É? –ß–∏ —è–∫ –ø—Ä–∞–≤–∏–ª—å–Ω–æ –ø–æ –≤—ñ–π—Å—å–∫–æ–≤—ñ–π —Ç–µ—Ä–º—ñ–Ω–æ–ª–æ–≥—ñ—ó?
@olehbatkovych –ß—É–≤ —Ç–µ–æ—Ä—ñ—ó —â–æ —Ç–µ–ø–µ—Ä –≤–æ–Ω–æ —É–≤—ñ–π–¥–µ —É —Å–ø–∏—Å–æ–∫ —Ç–µ—Ä—ñ—Ç–æ—Ä—ñ–π, –∑–æ –ø–æ—Ç—Ä—ñ–±–Ω–æ –ø–æ–≤–µ—Ä–Ω—É—Ç–∏ –¥–ª—è –∑–∞–≤–µ—Ä—à–µ–Ω–Ω—è –∫–æ–Ω—Ñ–ª—ñ–∫—Ç—É. –Ü —â–æ –ì—Ä—É–∑—ñ—è –º–æ–≥–ª–∞ –± —Ç–µ–∂ –Ω–∞ —Ü—ñ–π —Ö–≤–∏–ª—ñ –Ω–∞–≥–∞–¥–∞—Ç–∏ –ø—Ä–æ –û—Å–µ—Ç—ñ—é.
@olliecarroll –ï–∫—Å–ø—Ä–µ—Å-–≤—ñ–∑–∏ –¥–æ—Å—Ç—É–ø–Ω—ñ –¥–ª—è –≥—Ä–æ–º–∞–¥—è–Ω –£–∫—Ä–∞—ó–Ω–∏, —è–∫—ñ –ø–æ—Å—Ç—Ä–∞–∂–¥–∞–ª–∏ –≤—ñ–¥ –≤—ñ–π–Ω–∏ —Ç–∞ –∫–æ–Ω—Ñ–ª—ñ–∫—Ç—É –≤ –ø–æ—à—É–∫–∞—Ö –∫—Ä–∞—â–æ–≥–æ –∂–∏—Ç—Ç—è —Ç–∞ —É–º–æ–≤ –∂–∏—Ç—Ç—è –∑ —Ä–æ–¥–∏–Ω–æ—é —Ç–∞ –¥—Ä—É–∑—è–º–∏ https://t.co/fRXePOKJKZ
@OstapYarysh @lapatina_ –ï–∫—Å–ø—Ä–µ—Å-–≤—ñ–∑–∏ –¥–æ—Å—Ç—É–ø–Ω—ñ –¥–ª—è –≥—Ä–æ–º–∞–¥—è–Ω –£–∫—Ä–∞—ó–Ω–∏, —è–∫—ñ –ø–æ—Å—Ç—Ä–∞–∂–¥–∞–ª–∏ –≤—ñ–¥ –≤—ñ–π–Ω–∏ —Ç–∞ –∫–æ–Ω—Ñ–ª—ñ–∫—Ç—É –≤ –ø–æ—à—É–∫–∞—Ö –∫—Ä–∞—â–æ–≥–æ –∂–∏—Ç—Ç—è —Ç–∞ —É–º–æ–≤ –∂–∏—Ç—Ç—è –∑ —Ä–æ–¥–∏–Ω–æ—é —Ç–∞ –¥—Ä—É–∑—è–º–∏ https://t.co/fRXePOKJKZ
@paczvarny @whereiismyplace @patsyuchka —è–∫–∏–π —Å–∞–º–µ –Ω–∞—Ä–∞—Ç–∏–≤? —â–æ —Ä–æ—Å—ñ–π—Å—å–∫—ñ –≤—ñ–π—Å—å–∫–∞ —à—Ç—É—Ä–º—É—é—Ç—å –∫–∏—ó–≤ –∑ —Ç–µ—Ä–∏—Ç–æ—Ä—ñ—ó –±—ñ–ª–æ—Ä—É—Å—ñ —ñ —â–æ –≤–∏–∫–æ—Ä–∏—Å—Ç–æ–≤—É—é—Ç—å –±—ñ–ª–æ—Ä—É—Å—å–∫—ñ –ø–æ–ª—ñ–≥–æ–Ω–∏ –¥–ª—è –∑–∞–ø—É—Å–∫—É —Ä–∞–∫–µ—Ç? —Ç–∞–∫ —Ü–µ –ø—Ä–∞–≤–¥–∞, –±—ñ–ª–æ—Ä—É—Å—å —î —Å—Ç–æ—Ä–æ–Ω–æ—é –∫–æ–Ω—Ñ–ª—ñ–∫—Ç—É
@porizna —è–∫—â–æ –±—É–¥—É—Ç—å —ñ–¥–µ—ó —è–∫, –¥—ñ–ª—ñ—Ç—å—Å—è –±–æ —É–∂–µ –≤—ñ–¥—á—É–≤–∞—é —Å–µ–±–µ —ñ—Å—Ç–µ—Ä–∏—á–∫–æ—é, —â–æ –±—ñ–≥–∞—î —ñ –∑–∞–≤–∞–∂–∞—î —É—Å—ñ–º —Å–ø—ñ–≤—á—É–≤–∞—Ç–∏ –Ω–µ—â–∞—Å–Ω–∏–º —ñ –∑–Ω–µ–¥–æ–ª–µ–Ω–∏–º ¬´–∑ –æ–±–æ—Ö –±–æ–∫—ñ–≤ –∫–æ–Ω—Ñ–ª—ñ–∫—Ç—É¬ª
@qwest__ –ù–µ –æ–¥–Ω–∞ –º–∏—Ä–æ—Ç–≤–æ—Ä—á–∞ –º—ñ—Å—Å—ñ—è –Ω–µ –≤–∏—Ä—ñ—à–∏–ª–∞ –∫–æ–Ω—Ñ–ª—ñ–∫—Ç—É, –≤–æ–Ω–∞ –π–æ–≥–æ –∑–∞–º–æ—Ä–æ–∂—É—î –Ω–∞–∑–∞–≤–∂–¥–∏.
@RALee85 –ï–∫—Å–ø—Ä–µ—Å-–≤—ñ–∑–∏ –¥–æ—Å—Ç—É–ø–Ω—ñ –¥–ª—è –≥—Ä–æ–º–∞–¥—è–Ω –£–∫—Ä–∞—ó–Ω–∏, —è–∫—ñ –ø–æ—Å—Ç—Ä–∞–∂–¥–∞–ª–∏ –≤—ñ–¥ –≤—ñ–π–Ω–∏ —Ç–∞ –∫–æ–Ω—Ñ–ª—ñ–∫—Ç—É –≤ –ø–æ—à—É–∫–∞—Ö –∫—Ä–∞—â–æ–≥–æ –∂–∏—Ç—Ç—è —Ç–∞ —É–º–æ–≤ –∂–∏—Ç—Ç—è –∑ —Ä–æ–¥–∏–Ω–æ—é —Ç–∞ –¥—Ä—É–∑—è–º–∏ https://t.co/fRXePOLhAx
@ronkold @fomvasss @g_malynovsky —è –± –≤–∑–∞–≥–∞–ª—ñ –≤–≤—ñ–≤ –±–∏ –ø—Ä–∞–≤–∏–ª–æ, —â–æ –∫—Ä–∞—ó–Ω–∏ —É—á–∞—Å–Ω–∏–∫–∏ –∫–æ–Ω—Ñ–ª—ñ–∫—Ç—É –Ω–µ –º–∞—é—Ç—å –ø—Ä–∞–≤–∞ –≥–æ–ª–æ—Å—É, –∞ –≤–∏—Å—Ç—É–ø–∞—é—Ç—å –ª–∏—à–µ —É —Ä–æ–ª—ñ –∞–¥–≤–æ–∫–∞—Ç—ñ–≤, —Ç–æ–¥—ñ –∑ –û–û–ù –º–æ–∂–µ –±—É—Ç–∏ —è–∫–∞—Å—å –∫–æ—Ä–∏—Å—Ç—å. –ê —Ç–∞–∫ –û–û–ù: "—Ä–æ—Å—ñ—è –≤–∏ –Ω–∞–ø–∞–ª–∏ –Ω–∞ –£–∫—Ä–∞—ó–Ω—É" —Ä–æ—Å—ñ—è:"–ù–Ü" –û–û–ù: " –Ω—É –Ω—ñ —Ç–∞–∫ –Ω—ñ, —Ä–æ–∑—Ö–æ–¥–∏–º—Å—è"
RT @EspresoTV: –ì–µ–Ω—Å–µ–∫ –û–û–ù –≤–≤–∞–∂–∞—î –º–æ–∂–ª–∏–≤–æ—é –ø–µ—Ä—Å–ø–µ–∫—Ç–∏–≤—É —è–¥–µ—Ä–Ω–æ–≥–æ –∫–æ–Ω—Ñ–ª—ñ–∫—Ç—É https://t.co/WufzZz4TZk
RT @gazetaua_twit: –ü–µ—Ä—Å–ø–µ–∫—Ç–∏–≤–∞ —è–¥–µ—Ä–Ω–æ–≥–æ –∫–æ–Ω—Ñ–ª—ñ–∫—Ç—É –ø–æ–≤–µ—Ä–Ω—É–ª–∞—Å—è ‚Äì –ì–µ–Ω—Å–µ–∫ –û–û–ù   https://t.co/nh8F7IYQv0   #–Ω–æ–≤–∏–Ω–∏ #–Ω–æ–≤–æ—Å—Ç–∏
RT @glory_nn_: "–±—Ç—Å –ø–æ—Å–ª–∏ –æ–æ–Ω" –∞ –≤–∏ –Ω–µ –≤–º—ñ—î—Ç–µ –∞–Ω–∞–ª—ñ–∑—É–≤–∞—Ç–∏ —ñ–Ω—Ñ–æ—Ä–º–∞—Ü—ñ—é —ñ –ø—Ä–∏–∫—Ä–∏–≤–∞—î—Ç–µ –≤–∏—Å–µ—Ä —Å–ª–æ–≤–∞–º–∏ –ú–û–Ø –î–£–ú–ö–ê —è–∫ —Å—Ç–∞–¥–æ –±—Ç—Å –∂–æ–¥–Ω–æ–≥–æ —Ä–∞–∑—É –Ω–µ –≤–∏—Å‚Ä¶
RT @InvestigatorUa: –ó–≤–µ—Ä–Ω–µ–Ω–Ω—è –º–µ–¥—ñ–∞—Ä—É—Ö—É —Ç–∞ –ø—Ä–∞–≤–æ–∑–∞—Ö–∏—Å–Ω–∏—Ö –æ—Ä–≥–∞–Ω—ñ–∑–∞—Ü—ñ–π –¥–æ –ú—ñ–∂–Ω–∞—Ä–æ–¥–Ω–æ—ó —Å–ø—ñ–ª—å–Ω–æ—Ç–∏. –í–∏–º–∞–≥–∞—î–º–æ –Ω–µ–≥–∞–π–Ω–æ –∑–≤—ñ–ª—å–Ω–∏—Ç–∏ –û–ª–µ–≥–∞ –ë–∞—Ç—É—Ä—ñ–Ω–∞,‚Ä¶
RT @i_one___: @neumerherwam –¶–µ –±—É–ª–æ –± —á—É–¥–æ–≤–æ. –Ø–∫ –Ω–∞ –º–µ–Ω–µ –ö–∏—Ç–∞—é –∑–∞—Ä–∞–∑ –≤–∏–≥—ñ–¥–Ω—ñ—à–µ –≤—ñ–¥–∂–∞—Ç–∏ —á–∞—Å—Ç–∏–Ω—É —Ä—Ñ—ó—ó, –º–∞–π–∂–µ –±–µ–∑ –±–æ—é, —ñ –≤ –ø–µ—Ä–ø–µ–∫—Ç–∏–≤—ñ —Å—Ç–∞—Ç–∏ —â–µ‚Ä¶
RT @kashiomi_art: –ú–º–º–º, —ñ —Ü–µ –≤–æ–Ω–∏ –±—É–¥—É—Ç—å –º–µ–¥—ñ–∞—Ç–æ—Ä–∞–º–∏ –∫–æ–Ω—Ñ–ª—ñ–∫—Ç—É?
RT @Kotyk_ua: –ì–æ–ª —Ç–∞ —Å–ª—å–æ–∑–∏ –ê–Ω–¥—Ä—ñ—è –Ø—Ä–º–æ–ª–µ–Ω–∫–æ, —Ä—ñ–¥–Ω–∏–π –ß–µ—Ä–Ω—ñ–≥—ñ–≤ —è–∫–æ–≥–æ –º–æ—Ä–¥–æ—Ä —Ä—É–π–Ω—É—î –ø—Ä—è–º–æ –∑–∞—Ä–∞–∑, —ñ —è–∫–∏–π –≤–ø–µ—Ä—à–µ –≤–∏–π—à–æ–≤ –Ω–∞ –∑–∞–º—ñ–Ω—É –∑–∞ —á–∞—Å –∑–∞–≥–æ—Å—Ç‚Ä¶
RT @madstrekoza: üçÅ –ë–∞–π–¥–µ–Ω –ø—Ä–∏–ª–µ—Ç–∏—Ç—å –¥–æ –Ñ–≤—Ä–æ–ø–∏ —á–µ—Ä–µ–∑ –£–∫—Ä–∞—ó–Ω—É - NBC.  ‚ùóÔ∏è –Ü–º–æ–≤—ñ—Ä–Ω—ñ—Å—Ç—å –≤—ñ–∑–∏—Ç—É –ø—Ä–µ–∑–∏–¥–µ–Ω—Ç–∞ –°–®–ê —î –≤–∏—Å–æ–∫–æ—é, –ø–∏—à—É—Ç—å –∞–º–µ—Ä–∏–∫–∞–Ω—Å—å–∫—ñ –∂—É—Ä‚Ä¶
RT @NetflixIT: –í—ñ–¥ –ø–æ—á–∞—Ç–∫—É –∫–æ–Ω—Ñ–ª—ñ–∫—Ç—É –±–∞–≥–∞—Ç–æ —É–∫—Ä–∞—ó–Ω—Å—å–∫–∏—Ö —Å—ñ–º–µ–π –±—É–ª–∏ –∑–º—É—à–µ–Ω—ñ –ø–æ–∫–∏–Ω—É—Ç–∏ —Å–≤–æ—é –∫—Ä–∞—ó–Ω—É. –í—ñ–¥–ø–æ–≤—ñ–¥–Ω–æ –¥–æ –∫—ñ–ª—å–∫–æ—Ö –∑–∞–ø–∏—Ç—ñ–≤, —É–∫—Ä–∞—ó–Ω—Å—å–∫–∞‚Ä¶
RT @Odessa8436: ‚ùóÔ∏è–ì–µ–Ω—Å–µ–∫ –û–û–ù –≤–≤–∞–∂–∞—î "–º–æ–∂–ª–∏–≤–æ—é" –ø–µ—Ä—Å–ø–µ–∫—Ç–∏–≤—É —è–¥–µ—Ä–Ω–æ–≥–æ –∫–æ–Ω—Ñ–ª—ñ–∫—Ç—É
RT @olegzaharkevich: @svecha62 –ö–æ—Ä–æ—Ç–∫–æ —Å–∫–∞–∂—É, —è –∑–∞—Ä–∞–∑ —Ç—É—Ç, –≤—Å–µ —â–æ –¥–æ–ø–æ–º–∞–≥–∞—î –Ü–∑—Ä–∞—ó–ª—å —Ü–µ –ø—Å–∏—Ö–æ–ª–æ–≥—ñ—á–Ω–∞ –¥–æ–ø–æ–º–æ–≥–∞ –¥–ª—è –∑–∞—Ä–æ–±—ñ—Ç—á–∞–Ω —è–∫–∞ –Ω–∞–º –Ω–∞—Ñ—ñ–≥ –Ω‚Ä¶
RT @Oleksa_UA66: –ë–∞–π–¥–µ–Ω –ø—Ä–∏–ª–µ—Ç–∏—Ç—å –¥–æ –Ñ–≤—Ä–æ–ø–∏ —á–µ—Ä–µ–∑ –£–∫—Ä–∞—ó–Ω—É-NBC.–Ü–º–æ–≤—ñ—Ä–Ω—ñ—Å—Ç—å –≤—ñ–∑–∏—Ç—É –ø—Ä–µ–∑–∏–¥–µ–Ω—Ç–∞ –°–®–ê —î –≤–∏—Å–æ–∫–æ—é, –ø–∏—à—É—Ç—å –∞–º–µ—Ä–∏–∫–∞–Ω—Å—å–∫—ñ –∂—É—Ä–Ω–∞–ª—ñ—Å—Ç–∏.–ë‚Ä¶
RT @skarbsvitu: –ù–∞–∑–∏–≤–∞—Ç–∏ –Ω–∞–ø–∞–¥ —Ä–æ—Å—ñ—ó –Ω–∞ –£–∫—Ä–∞—ó–Ω—É –≤—ñ–π–Ω–æ—é –ª–∏—à–µ –º—ñ–∂ —Å—à–∞ —Ç–∞ —Ä–æ—Å—ñ—î—é –≤–∑–∞–≥–∞–ª—ñ –Ω–µ–∫–æ—Ä–µ–∫—Ç–Ω–æ —ñ –∑–Ω–µ—Ü—ñ–Ω—é—î –£–∫—Ä–∞—ó–Ω—É —è–∫ —Å—É–±'—î–∫—Ç–∏–≤–Ω—É —Å—Ç–æ—Ä–æ–Ω—É‚Ä¶
RT @UKRinUN: –ì–µ–Ω–µ—Ä–∞–ª—å–Ω–∏–π —Å–µ–∫—Ä–µ—Ç–∞—Ä –û–û–ù üá∫üá≥–ê–Ω—Ç–æ–Ω—ñ—É –ì—É—Ç–µ—Ä—Ä—ñ—à: ¬´–ó–∞–≥—Ä–æ–∑–∏ –ø—ñ–¥–≤–∏—â–∏—Ç–∏ —Ä—ñ–≤–µ–Ω—å –±–æ–π–æ–≤–æ—ó –≥–æ—Ç–æ–≤–Ω–æ—Å—Ç—ñ —è–¥–µ—Ä–Ω–∏—Ö —Å–∏–ª —î —Å–º–µ—Ä—Ç–µ–ª—å–Ω–∏–º–∏. –ü–µ—Ä—Å–ø–µ–∫—Ç‚Ä¶
@shoaibp82473501 –ï–∫—Å–ø—Ä–µ—Å-–≤—ñ–∑–∏ –¥–æ—Å—Ç—É–ø–Ω—ñ –¥–ª—è –≥—Ä–æ–º–∞–¥—è–Ω –£–∫—Ä–∞—ó–Ω–∏, —è–∫—ñ –ø–æ—Å—Ç—Ä–∞–∂–¥–∞–ª–∏ –≤—ñ–¥ –≤—ñ–π–Ω–∏ —Ç–∞ –∫–æ–Ω—Ñ–ª—ñ–∫—Ç—É –≤ –ø–æ—à—É–∫–∞—Ö –∫—Ä–∞—â–æ–≥–æ –∂–∏—Ç—Ç—è —Ç–∞ —É–º–æ–≤ –∂–∏—Ç—Ç—è –∑ —Ä–æ–¥–∏–Ω–æ—é —Ç–∞ –¥—Ä—É–∑—è–º–∏ https://t.co/fRXePOKJKZ
@sosidko64 @bydook –Ø–∫–µ –æ–∑–±—Ä–æ—é–≤–∞—Ç–∏—Å—è, –≥–µ—Ç—å–º–∞–Ω –∂–µ –Ω–∞—Å –∑–∞ –ø'—è—Ç—å —Ä–æ–∫—ñ–≤ —Å–≤–æ—ó–º –∫–æ—à—Ç–æ–º –¥–æ –∑—É–±—ñ–≤ –æ–∑–±—Ä–æ—ó–≤, –Ω–∞–≤—ñ—â–æ —â–µ? –ú—ñ–Ω—Å—å–∫—ñ —É–≥–æ–¥–∏ –Ω–µ–≥–∞–π–Ω–æ —Ç—Ä–µ–±–∞ –±—É–ª–æ –±—ñ–≥—Ç–∏ –ø—ñ–¥–ø–∏—Å—É–≤–∞—Ç–∏ - –Ω–µ–º–∞ –∂ –∞–ª—å—Ç–µ—Ä–Ω–∞—Ç–∏–≤ –º–∏—Ä–Ω–æ–º—É —ñ –¥–∏–ø–ª–æ–º–∞—Ç–∏—á–Ω–æ–º—É –≤–∏—Ä—ñ—à–µ–Ω–Ω—é –∫–æ–Ω—Ñ–ª—ñ–∫—Ç—É, —Å–∞–º –≥–µ—Ç—å–º–∞–Ω —Ç–∞–∫ —Å–∫–∞–∑–∞–≤, –∑–Ω–∞—á–∏—Ç—å –æ–∑–±—Ä–æ—é–≤–∞–ª–∏—Å—è –±—ñ–ª—å—à–µ –Ω–µ —Ç—Ä–µ–±–∞ –±—É–ª–æ.
@tetisummer –ï–∫—Å–ø—Ä–µ—Å-–≤—ñ–∑–∏ –¥–æ—Å—Ç—É–ø–Ω—ñ –¥–ª—è –≥—Ä–æ–º–∞–¥—è–Ω –£–∫—Ä–∞—ó–Ω–∏, —è–∫—ñ –ø–æ—Å—Ç—Ä–∞–∂–¥–∞–ª–∏ –≤—ñ–¥ –≤—ñ–π–Ω–∏ —Ç–∞ –∫–æ–Ω—Ñ–ª—ñ–∫—Ç—É –≤ –ø–æ—à—É–∫–∞—Ö –∫—Ä–∞—â–æ–≥–æ –∂–∏—Ç—Ç—è —Ç–∞ —É–º–æ–≤ –∂–∏—Ç—Ç—è –∑ —Ä–æ–¥–∏–Ω–æ—é —Ç–∞ –¥—Ä—É–∑—è–º–∏ https://t.co/fRXePOKJKZ
@Tetra_25Pak @Olha_Rev –£ –≤–µ–ª–∏–∫—ñ–π –º—ñ—Ä—ñ —Ç–∞–∫. –ê–ª–µ —Ü–µ —É—Ç–æ–ø—ñ—è, –±–æ —ñ–Ω—à—ñ –∫—Ä–∞—ó–Ω–∏ –Ω–µ —î —É—á–∞—Å–Ω–∏–∫–∞–º–∏ –∫–æ–Ω—Ñ–ª—ñ–∫—Ç—É. –ù–∞—Å–ø—Ä–∞–≤–¥—ñ, —è–∫–±–∏ –ü–æ—Ä–æ—à–µ–Ω–∫–æ —Å–≤–æ–≥–æ —á–∞—Å—É –Ω–µ –≤—ñ–¥–Ω–æ–≤–∏–≤ –ü–ü–û –ö–∏—î–≤–∞ –∑–∞ –≤–ª–∞—Å–Ω—ñ –±–∞–±–∫–∏, —Ç–æ —Å—Ç–æ–ª–∏—Ü—è –±—É–ª–∞ –± –≤–∂–µ –∫—É–ø–æ—é —â–µ–±–Ω—è, —è–∫ —ñ –•–∞—Ä–∫—ñ–≤.
@victor_tvictor –î—Ä—É–≥–∞ –∞—Ä–º—ñ—è —Å–≤—ñ—Ç—É –≤–∏–∑–Ω–∞–ª–∞ —É–∫—Ä–∞—ó–Ω—Å—å–∫–∏—Ö —Ñ–µ—Ä–º–µ—Ä—ñ–≤ —Å—Ç–æ—Ä–æ–Ω–æ—é –∫–æ–Ω—Ñ–ª—ñ–∫—Ç—É.
@Yonchi_Z –û–û–ù –Ω–µ –≤–∏—Ä—ñ—à–∏–ª–∞ –∂–æ–¥–Ω–æ–≥–æ –∫–æ–Ω—Ñ–ª—ñ–∫—Ç—É —É —Å–≤—ñ—Ç—ñ. –¶–µ —Ç–∞–∫–∏–π –∂–µ —Ñ–∞—Ä—Å, —è–∫ —É —Å—É–¥—ñ –ø—ñ–¥—Å—É–¥–Ω–∏–π –º–∞—î –ø—Ä–∞–≤–æ ¬´–≤–µ—Ç–æ¬ª –Ω–∞ —Ä—ñ—à–µ–Ω–Ω—è —Å—É–¥—É. –Ø–∫–∏–π —Å–µ–Ω—Å —É —Ü—ñ–π –æ—Ä–≥–∞–Ω—ñ–∑–∞—Ü—ñ—ó?
@ZelenskyyUa –í–∏ –ü–û–í–ò–ù–ù–Ü —Ä–æ–∑—É–º—ñ—Ç–∏ —Ç–∞–∫—É –Ü–†–†–ê–¶–Ü–û–ù–ê–õ–¨–ù–£ –≤–∏–º–æ–≥—É –æ—Ç—Ä–∏–º–∞—Ç–∏ –Ω–µ–º–æ–∂–ª–∏–≤–µ @NATO —á–ª–µ–Ω—Å—Ç–≤–æ –∑ 1-–≥–æ –¥–Ω—è –ö–æ–Ω—Ñ–ª—ñ–∫—Ç—É. –í–∏ –≤—Å–µ–ª–∏–ª–∏ FEARING VIBES –≤ @KremlinRussia_E, —ñ —Ç–µ–ø–µ—Ä —É—Å—ñ —É–∫—Ä–∞—ó–Ω—Ü—ñ –ø–ª–∞—Ç—è—Ç—å —Ü—ñ–Ω—É –∑–∞ –æ—Å—Ç–∞–Ω–Ω—ñ 19 –¥–Ω—ñ–≤ –ø–æ—á–∞—Ç–∫—É –∫–æ–Ω—Ñ–ª—ñ–∫—Ç—É. –ó–ê–í–ï–†–®–Ü–¢–¨ —Ü–µ–π –∫–æ–Ω—Ñ–ª—ñ–∫—Ç —ñ –≤—Ä—è—Ç—É–π—Ç–µ –∂–∏—Ç—Ç—è. https://t.co/r8sGRsk3hI
–ë–∞–π–¥–µ–Ω –ø—Ä–∏–ª–µ—Ç–∏—Ç—å –¥–æ –Ñ–≤—Ä–æ–ø–∏ —á–µ—Ä–µ–∑ –£–∫—Ä–∞—ó–Ω—É-NBC.–Ü–º–æ–≤—ñ—Ä–Ω—ñ—Å—Ç—å –≤—ñ–∑–∏—Ç—É –ø—Ä–µ–∑–∏–¥–µ–Ω—Ç–∞ –°–®–ê —î –≤–∏—Å–æ–∫–æ—é, –ø–∏—à—É—Ç—å –∞–º–µ—Ä–∏–∫–∞–Ω—Å—å–∫—ñ –∂—É—Ä–Ω–∞–ª—ñ—Å—Ç–∏.–ë—ñ–ª–∏–π –¥—ñ–º –∑–∞—Ä–∞–∑ –ø—Ä–∞—Ü—é—î –Ω–∞–¥ –æ—Ä–≥–∞–Ω—ñ–∑–∞—Ü—ñ–π–Ω–∏–º–∏ –ø–∏—Ç–∞–Ω–Ω—è–º–∏.–ê–ª–µ —Ç–æ—á–Ω–∏—Ö –¥–∞—Ç –≤—ñ–∑–∏—Ç—É –Ω–µ –Ω–∞–∑–∏–≤–∞—é—Ç—å.–ú–µ—Ç–∞‚Äì–æ–±–≥–æ–≤–æ—Ä–µ–Ω–Ω—è –≤—ñ–π–Ω–∏ –≤ –£–∫—Ä–∞—ó–Ω—ñ —Ç–∞ –∑—É—Å—Ç—Ä—ñ—á—ñ –∑ "—É—á–∞—Å–Ω–∏–∫–∞–º–∏ –∫–æ–Ω—Ñ–ª—ñ–∫—Ç—É".
–í—ñ–Ω —Ç–∞–∫–æ–∂ –ø—Ä–æ–≥–Ω–æ–∑—É—î –≤—ñ–¥—á—É—Ç–Ω–∏–π —Ä—É—Ö –¥–æ –≤–∏—Ä—ñ—à–µ–Ω–Ω—è –∫–æ–Ω—Ñ–ª—ñ–∫—Ç—É —É –Ω–∞–π–±–ª–∏–∂—á—ñ –¥–≤–∞-—Ç—Ä–∏ –¥–Ω—ñ.
‚Ä¢–í–æ—î–Ω–Ω—ñ –∑–ª–æ—á–∏–Ω–∏ –º–æ–∂—É—Ç—å –±—É—Ç–∏ –≤—á–∏–Ω–µ–Ω—ñ –≤–∏–∫–ª—é—á–Ω–æ –≤ —É–º–æ–≤–∞—Ö –∑–±—Ä–æ–π–Ω–æ–≥–æ –∫–æ–Ω—Ñ–ª—ñ–∫—Ç—É —Ç–∞ –ø–æ–≤‚Äô—è–∑–∞–Ω—ñ –∑ –Ω–∏–º.  ‚Ä¢ –í—ñ–π—Å—å–∫–æ–≤—ñ –∫—Ä–∏–º—ñ–Ω–∞–ª—å–Ω—ñ –ø—Ä–∞–≤–æ–ø–æ—Ä—É—à–µ–Ω–Ω—è –º–æ–∂—É—Ç—å –≤—á–∏–Ω—è—Ç–∏—Å—å —è–∫ –ø—ñ–¥ —á–∞—Å –∑–±—Ä–æ–π–Ω–æ–≥–æ –∫–æ–Ω—Ñ–ª—ñ–∫—Ç—É, —Ç–∞–∫ —ñ –ø—ñ–¥ —á–∞—Å –ø—Ä–æ—Ö–æ–¥–∂–µ–Ω–Ω—è –≤—ñ–π—Å—å–∫–æ–≤–æ—ó —Å–ª—É–∂–±–∏ –≤ –º–∏—Ä–Ω–∏–π —á–∞—Å. https://t.co/zhqVSdXUV3
–ì–µ–Ω–µ—Ä–∞–ª—å–Ω–∏–π —Å–µ–∫—Ä–µ—Ç–∞—Ä –û–û–ù üá∫üá≥–ê–Ω—Ç–æ–Ω—ñ—É –ì—É—Ç–µ—Ä—Ä—ñ—à: ¬´–ó–∞–≥—Ä–æ–∑–∏ –ø—ñ–¥–≤–∏—â–∏—Ç–∏ —Ä—ñ–≤–µ–Ω—å –±–æ–π–æ–≤–æ—ó –≥–æ—Ç–æ–≤–Ω–æ—Å—Ç—ñ —è–¥–µ—Ä–Ω–∏—Ö —Å–∏–ª —î —Å–º–µ—Ä—Ç–µ–ª—å–Ω–∏–º–∏. –ü–µ—Ä—Å–ø–µ–∫—Ç–∏–≤–∞ —è–¥–µ—Ä–Ω–æ–≥–æ –∫–æ–Ω—Ñ–ª—ñ–∫—Ç—É, –∫–æ–ª–∏—Å—å –Ω–µ–º–∏—Å–ª–∏–º–∞, —Ç–µ–ø–µ—Ä –∑–Ω–æ–≤—É —î –º–æ–∂–ª–∏–≤–æ—é¬ª. https://t.co/rhYWF4hAK4
–ì–µ–Ω—Å–µ–∫ –û–û–ù –≤–≤–∞–∂–∞—î –º–æ–∂–ª–∏–≤–æ—é –ø–µ—Ä—Å–ø–µ–∫—Ç–∏–≤—É —è–¥–µ—Ä–Ω–æ–≥–æ –∫–æ–Ω—Ñ–ª—ñ–∫—Ç—É https://t.co/WufzZz4TZk
‚ö°Ô∏è–ì–µ–Ω—Å–µ–∫ –û–û–ù –≤–≤–∞–∂–∞—î, —â–æ –ø–µ—Ä—Å–ø–µ–∫—Ç–∏–≤–∞ —è–¥–µ—Ä–Ω–æ–≥–æ –∫–æ–Ω—Ñ–ª—ñ–∫—Ç—É –∑–Ω–æ–≤—É —Å—Ç–∞–ª–∞ –º–æ–∂–ª–∏–≤–æ—é https://t.co/8yCl3GFaLP —á–µ—Ä–µ–∑ @YouTube
‚ö°Ô∏è–ì–µ–Ω—Å–µ–∫ –û–û–ù –≤–≤–∞–∂–∞—î, —â–æ –ø–µ—Ä—Å–ø–µ–∫—Ç–∏–≤–∞ —è–¥–µ—Ä–Ω–æ–≥–æ –∫–æ–Ω—Ñ–ª—ñ–∫—Ç—É –∑–Ω–æ–≤—É —Å—Ç–∞–ª–∞ –º–æ–∂–ª–∏–≤–æ—é https://t.co/vVd96CzpWV via @YouTube
–ì—Ä–æ–∑—î–≤ —Å—Ö–∏–ª—è—î—Ç—å—Å—è –¥–æ –ø–µ—Ä—à–æ–≥–æ –≤–∞—Ä—ñ–∞–Ω—Ç—É. –í—ñ–Ω —Ç–∞–∫–æ–∂ –ø—Ä–æ–≥–Ω–æ–∑—É—î –≤—ñ–¥—á—É—Ç–Ω–∏–π —Ä—É—Ö –¥–æ –≤–∏—Ä—ñ—à–µ–Ω–Ω—è –∫–æ–Ω—Ñ–ª—ñ–∫—Ç—É —É –Ω–∞–π–±–ª–∏–∂—á—ñ –¥–≤–∞-—Ç—Ä–∏ –¥–Ω—ñ
–î—É–º–∞—é, –ø–æ—Ç—Ä—ñ–±–µ–Ω —Ä–µ–∞–ª—å–Ω–∏–π –µ–∫–æ–Ω–æ–º—ñ—á–Ω–∏–π —Ç–∞ —Å–æ—Ü—ñ–∞–ª—å–Ω–∏–π —É–¥–∞—Ä –ø–æ —Ä–æ—Å. —ñ–ª—ñ—Ç—ñ, —ó—ó –¥—ñ—Ç–∫–∞–º —Ç–∞ –æ–Ω—É–∫–∞–º. –¶–µ –º–æ–∂–µ –ø—Ä–∏–∑–≤–µ—Å—Ç–∏ –¥–æ –≤–Ω—É—Ç—Ä—ñ—à–Ω—å–æ–≥–æ –∫–æ–Ω—Ñ–ª—ñ–∫—Ç—É –∑ –ø–µ–≤–Ω–∏–º–∏ –Ω–∞—Å–ª—ñ–¥–∫–∞–º–∏. –¢–æ–∂ –Ω–µ —Å–ª—ñ–¥ —á–µ–∫–∞—Ç–∏ –Ω–∞ —Å–º–µ—Ä—Ç—å –ø—É—Ç—ñ–Ω–∞, –∞ —Å–ª—ñ–¥ –¥—ñ—è—Ç–∏.
–ó–∞ –∫—ñ–ª—å–∫–∞ –¥–Ω—ñ–≤ –¥–æ —Ç–æ–≥–æ, –¥–æ —Ä–µ—á—ñ, —è –Ω–µ—Å–ª–∞–±–æ –ø–æ—Å–≤–∞—Ä–∏–ª–∞—Å—è –∑ –¥—Ä—É–∑—è–º–∏ —ñ —Ö–ª–æ–ø—Ü–µ–º, –º–∏ –Ω–µ –ø–µ—Ä–µ–ø–∏—Å—É–≤–∞–ª–∏—Å—è –¥–Ω—ñ —Ç—Ä–∏. –ó–≤—ñ—Å–Ω–∞ —Ä—ñ—á, —â–æ –ø—Ä–∏–º–∏—Ä–µ–Ω–Ω—è –±—É–ª–æ –º–æ–º–µ–Ω—Ç–∞–ª—å–Ω–∏–º, –∞–¥–∂–µ —ó—Ö–Ω—ñ–π —Å—Ç–∞–Ω –±—É–≤ –º–µ–Ω—ñ –≤–∞–∂–ª–∏–≤—ñ—à–∏–π, –Ω—ñ–∂ –ø—Ä–∏—á–∏–Ω–∞ –∫–æ–Ω—Ñ–ª—ñ–∫—Ç—É —ñ –≤–ª–∞—Å–Ω–∞ –≥–æ—Ä–¥—ñ—Å—Ç—å.
–ö–æ–ª–∞–±–æ—Ä–∞—Ü—ñ–π–Ω–∞ –¥—ñ—è–ª—å–Ω—ñ—Å—Ç—å –ø—ñ–¥ —á–∞—Å –∑–±—Ä–æ–π–Ω–æ–≥–æ –∫–æ–Ω—Ñ–ª—ñ–∫—Ç—É –≤ –£–∫—Ä–∞—ó–Ω—ñ - –ê–¥–≤–æ–∫–∞—Ç –ú–æ—Ä–æ–∑–æ–≤ –ï–≤–≥–µ–Ω–∏–π –ê–ª–µ–∫—Å–∞–Ω–¥—Ä–æ–≤–∏—á https://t.co/f0iv3MU4gr https://t.co/DrrIlO6CJi
–ú–ò, JJC RADIO –ø—ñ–¥—Ç—Ä–∏–º—É—î–º–æ –Ω–∞—Ä–æ–¥ –£–∫—Ä–∞—ó–Ω–∏, —è–∫–∏–π –Ω–µ –≤–∏–Ω–µ–Ω —É —Ä—ñ—à–µ–Ω–Ω—è—Ö –≤–ª–∞—Å–Ω–æ–≥–æ —É—Ä—è–¥—É, —è–∫—ñ –ø—Ä–∏–∑–≤–µ–ª–∏ –¥–æ –∫–æ–Ω—Ñ–ª—ñ–∫—Ç—É –∑ –ø—Ä–µ–∑–∏–¥–µ–Ω—Ç–æ–º –ü—É—Ç—ñ–Ω–∏–º —É –†–æ—Å—ñ—ó.JJC RADIO ‚Äì —Ü–µ –º—É–∑–∏–∫–∞ —Ü—ñ–ª–∏–π –¥–µ–Ω—å, —Ç–æ–º—É –º–∏ –ø—Ä–æ—Å–∏–º–æ –≤–∞—Å –∑–∞–≤–∂–¥–∏ —Å–ª—É—Ö–∞—Ç–∏ –Ω–∞—Å —ñ–∑ https://t.co/7LIcPgkiuN, –¥—è–∫—É—î–º–æ #Ukraine #Russie https://t.co/jPCT0uLDZI
–ú–º–º–º, —ñ —Ü–µ –≤–æ–Ω–∏ –±—É–¥—É—Ç—å –º–µ–¥—ñ–∞—Ç–æ—Ä–∞–º–∏ –∫–æ–Ω—Ñ–ª—ñ–∫—Ç—É? https://t.co/AxFKbeafdd
–ù–µ–º–∞—ç –∫–æ–Ω—Ñ–ª—ñ–∫—Ç—É, –Ω–µ–º–∞—î —Å—Ç–æ–ª—É –ø–µ—Ä–µ–≥–æ–≤–æ—Ä—ñ–≤ —Ç–∞ –∫–æ–º–ø—Ä–æ–º—ñ—Å—ñ–≤. –†—É—Å–∫—ñ—î –ø—Ä–∏–π—à–ª–∏ –≤–±–∏–≤–∞—Ç–∏ —É–∫—Ä–∞—ó–Ω—Ü—ñ–≤ —Ç–∞ –∑–∞–±–∏—Ä–∞—Ç–∏ —ó—Ö –∑–µ–º–ª—ñ, —Ç–∞ –º—ñ—Å—Ç–∞. –¶–µ –≤—ñ–π–Ω–∞ –Ω–∞ –ª—ñ–∫–≤—ñ–¥—É–≤–∞–Ω–Ω—è –æ–¥–Ω–∏—Ö —ñ–Ω—à–∏–º–∏. –£–∫—Ä–∞—ó–Ω–∞ –Ω–µ –º–æ–∂—É –±—É—Ç–∏ "–∑–∞ –º—ñ—Ä", –≤ –º–æ–º–µ–Ω—Ç –∫–æ–ª–∏ —ó—ó –≤–±–∏–≤–∞—é—Ç—å. –í —Ü—å–æ–º—É –º–æ–º–µ–Ω—Ç—ñ —É–∫—Ä–∞—ó–Ω—Ü—ñ —Ç—ñ–ª—å–∫–∏ –∑–∞ "–≤—ñ–π–Ω—É", –∑–∞—Ö–∏—â–∞—è —Å–µ–±–µ —Ç–∞
–æ—Ü–µ –Ω–∞–º–∞–≥–∞–Ω–Ω—è –ø–æ–∫–∞–∑–∞—Ç–∏ –¥–≤—ñ —Å—Ç–æ—Ä–æ–Ω–∏ –∫–æ–Ω—Ñ–ª—ñ–∫—Ç—É –≤–∏–≥–ª—è–¥–∞—î –Ω–µ —è–∫ —Ç–æ–ª–µ—Ä–∞–Ω—Ç–Ω—ñ—Å—Ç—å, –∞ —è–∫ –Ω–∞—ó–≤–Ω—ñ—Å—Ç—å, –±–æ—è–≥—É–∑—Ç–≤–æ —Ç–∞ –Ω–∞–≤—ñ—Ç—å —Ç—É–ø—ñ—Å—Ç—å.
–ü–µ—Ä—Å–ø–µ–∫—Ç–∏–≤–∞ —è–¥–µ—Ä–Ω–æ–≥–æ –∫–æ–Ω—Ñ–ª—ñ–∫—Ç—É –∑–Ω–æ–≤—É –ø–æ–≤–µ—Ä–Ω—É–ª–∞—Å—è, - –ì—É—Ç–µ—Ä—Ä—ñ—à https://t.co/Pf68kGFXtu
–ü–µ—Ä—Å–ø–µ–∫—Ç–∏–≤–∞ —è–¥–µ—Ä–Ω–æ–≥–æ –∫–æ–Ω—Ñ–ª—ñ–∫—Ç—É –ø–æ–≤–µ—Ä–Ω—É–ª–∞—Å—è ‚Äì –ì–µ–Ω—Å–µ–∫ –û–û–ù   https://t.co/nh8F7IYQv0   #–Ω–æ–≤–∏–Ω–∏ #–Ω–æ–≤–æ—Å—Ç–∏
–¢–∞–∫, –ù–ê–¢–û –ø—ñ–¥–∫–ª—é—á–∏—Ç—å—Å—è –¥–æ –≤–∏—Ä—ñ—à–µ–Ω–Ω—è –∫–æ–Ω—Ñ–ª—ñ–∫—Ç—É, –∞–ª–µ –ª–∏—à–µ —É –≤–∏–ø–∞–¥–∫—É –∑–∞–≥—Ä–æ–∑–∏ –∑–Ω–∏—â–µ–Ω–Ω—è –∞—Ä–º—ñ—ó –ú–æ—Ä–¥–æ—Ä—É —Ç–∞ –ø–µ—Ä–µ—Ö–æ–¥—É –ó–°–£ –Ω–∞ —Ç–µ—Ä–∏—Ç–æ—Ä—ñ—é –†–§ –≤ —Ö–æ–¥—ñ –Ω–∞—Å—Ç—É–ø—É –Ω–∞ –ú–æ—Å–∫–≤—É. –ù–ê–¢–û –Ω—ñ–∫–æ–ª–∏ –Ω–µ –ø—Ä–æ–±–∞—á–∏—Ç—å –£–∫—Ä–∞—ó–Ω—ñ –∑–Ω–∏—â–µ–Ω–Ω—è —Å–≤–æ–≥–æ –æ–¥–≤—ñ—á–Ω–æ–≥–æ –≤–æ—Ä–æ–≥–∞. –ë–æ —Ü–µ –æ–∑–Ω–∞—á–∞—Ç–∏–º–µ –ª—ñ–∫–≤—ñ–¥–∞—Ü—ñ—é —Å–∞–º–æ–≥–æ –∞–ª—å—è–Ω—Å—É. https://t.co/UL9NF95eom
