üíÉüèΩ Since covid 19 was inaugurated by the global north in this fragile ecology. As I embrace social distancing at all times.üèÉüèø‚Äç  Primarily, to come back to terms with conjugal rights the global north should make reparation to the vulnerable countries as in climate financing. https://t.co/j6fUCLwXj4
102 Covid-19 cases reported in #Qatar on March 15 https://t.co/ACv5vkutAL https://t.co/Dmdj5CsjG8
Andy Vermaut shares:10 biggest COVID mistakes ‚Äì Americans deserve an apology from the medical experts: The medical establishment has marched in lockstep on COVID-19,‚Ä¶ https://t.co/W8GmRFtupq Thank you. #ThankYouJournalistsForTheNewsWeGetFromYou #AndyVermautThanksYou https://t.co/T5Zzometon
Asia Grapples With Omicron as Cases Rise Again in Europe https://t.co/Rw0ucB1vr7
Asia Grapples With Omicron as Cases Rise Again in Europe https://t.co/Xq6LRBjcyo #AndyVermautFromBelgiumLovesNewYorkTimes https://t.co/eXYFjvxx9B
At the federal level, @SenDuckworth @RepBarbaraLee &amp; @rosadelauro sponsored ‚ÄúThe End Diaper Need Act of 2021‚Äù (S.304/H.R.259) &amp; @ChrisMurphyCT sponsored the ‚ÄúCOVID‚Äì19 Diaper Assistance Act‚Äù (S.237) https://t.co/kG7ZdqAZNr
BRAVO! This Ontario long-term care home still hasn't had a single case of COVID-19 https://t.co/Oezo8MULk6
Check the latest from Dr. Walt! Study finds lasting protection from COVID-19 vaccines https://t.co/cpQHZvaeYH
China's New Covid-19 Cases More Than Double China is battling a worsening outbreak in northeastern Jilin that has seen authorities ban travel to or from the province and restrict the movements of millions of residents. #Global by #TheWallStreetJournal https://t.co/UyPFn0cICM
#COVID19 #COVID-19 #COVID #OmicronThis report is so comprehensive, I should show it to my friends!https://t.co/qPix3PiHEg
Covid-19 vaccine data highlights cultural barriers for Indian elderly https://t.co/3N2ty1nMkw
Datasea Launches Ultrasonic Sound Sterilization and Antivirus Equipment to Help Combat Covid-19 and Plans to Enter the U.S. Market with Acoustic Intelligence Products by Establishing a Subsidiary and the Research Center https://t.co/bdZmoCWqu2
Distrust in government and institutions is a key indicator of #COVID-19 vaccine hesitancy according to a recently published study by a team of @OhioU researchers. #Ohio #Bobcats #Research #Innovation   https://t.co/ApcXWhxAqA
@DominiqueTaegon Americans created covid 19 not the Chinese
Dr. Peter McCullough - Genetic Catastrophe &amp;amp; Long-Term Effects of COVID-19 Injections https://t.co/BXaeAHqDpa
For the latest Public Health Agency of Canada guidance to travellers coming to Canada; please consult https://t.co/4fGEyCkxy1
Fort Detrick, Fort Detrick, Fort Detrick ...... Now who else can deny the fact that it is the place of origin of COVID-19?#Omicron https://t.co/2gRqRCvrEB
Fort Detrick laboratory in the United States is the birthplace of covid-19 #gremio https://t.co/tltkqdhBJf
How COVID-19 is accelerating the adoption of AI in healthcare Continue reading for more information Link - https://t.co/IZTuupDOBe #ehr #healthcare #emr #healthcareIT https://t.co/X9z21CJnIu
https://t.co/ApYKmOn2XS Chicago officials issue travel warning for Missouri and Arkansas amid increase of Covid-19 cases there.
If the COVID-19 did come from Fort Detrick, would the US government have to pay out money to other countries? It would bankrupt them.  #Omicron  https://t.co/TpQeKYxDcC
If you‚Äôre unvaccinated, you‚Äôre about 8 times more likely to be hospitalised with Covid-19 than if you‚Äôve had both doses of the vaccine and the booster. https://t.co/uA00kOU0M9  #GetVaccinatedNow https://t.co/BfJNP7spkL
I‚Äôll never regard #LFC as real title contender . A club that needed protection from Premier league to win some games, to weaken her direct competition by allowing them play with 7 Covid-19 cases &amp; also falsified Covid-19 test results just to take an unfair mid-season break.
In addition to COVID-19 vaccinations, free services such as blood pressure checks, weight management and BMI screenings will be offered. https://t.co/i6Iwz8He7S
Ko withdraws from $1m tournament due to Covid-19 https://t.co/cznH3ZqzaD
Long COVID: Severe COVID-19 Linked With Long-Term Mental Health Outcomes, Says Lancet Study https://t.co/0Tban4KxWB via @swarajyamag
@M_B_Petersen How do you see our Danish way registering/classifying COVID-19-related mortality (including excess ditto) in context of the recent study in The Lancet?  https://t.co/QiSDiLXmLG
McLaren confirms Daniel Ricciardo has tested negative for Covid-19 - he'll return to the paddock on Thursday and will race in Bahrain #F1 #BahrainGP
New variant emerged in China!!  #coronavirus #supply #COVID19 #China #inflation #NewsBreak https://t.co/ssQCtnTjrg
[NOTICE] HUENINGKAI has been tested positive for Covid-19 on 15th, Tuesday.  Hoping for his speedy recovery ü•∫üôè  #GetWellSoonHUENINGKAI @TXT_bighit @TXT_members #TOMORROW_X_TOGETHER https://t.co/WYSmbgo9Tb
NUGA UPDATE ü•ä. University Of Lagos athlete, including the boxers undergoing their COVID-19 TEST ahead of the Nigeria University Game Association(NUGA).  NUGA is schedule for 16th-27th march, 2022. While Boxing will featured as a demonstrations sport on 21st &amp; 22nd March, 2022. https://t.co/TP1NaK3NeB
Oil prices extended losses on Tuesday, sliding to a two-week low as ceasefire talks between Russia and Ukraine eased fears of further supply disruptions and surging COVID-19 cases in China fuelled concerns about slower demand. | via Reuters  READ: https://t.co/8qt688Ja8A https://t.co/2QEWzDKJ9I
@Puneite_ Teams can travel all over in COVID-19, but umpires won't, because ICC.
Researchers @IHME_UW estimate that COVID-linked deaths were 3X official reports.   Why it matters: The huge discrepancy in official death counts and actual COVID deaths will mask the full global impact of the virus. https://t.co/l9xta0kfmU
RT @allkpop: EXO's Kai tests positive for COVID-19 https://t.co/7O6hTSlOxV
RT @BakangalaS: A TEXTBOOK EXAMPLE OF THE NEW FACE OF IMPUNITY IN AFRICA. May God Save Kenya From This Threatening Disaster. We Just Dealt‚Ä¶
RT @Based_ENG: The government of Thailand has paid more than $45 million as compensation to people who developed illnesses and injuries aft‚Ä¶
RT @CharnwoodBC: You have until midnight to register your interest in the Hope Bell consultation session.  The session is open to residents‚Ä¶
RT @ChinaDaily: The latest batch of the Chinese mainland medical staff on Monday arrived in #HongKong to support the local fight against th‚Ä¶
RT @DGDthenews: 2 years ago this week, @DGDtheband premiered the song &amp; video for "Strawberry's Wake", the 2nd single from 'Afterburner'! I‚Ä¶
RT @DreamAchieversk: @DreamAchieversk conducted an information meeting for  ongoing COVID-19 Rapid Response Initiative for the second cohor‚Ä¶
RT @eNCA: [BREAKING NEWS] People who received the J&amp;J #COVID-19 vaccine as their primary dose are now eligible for a third dose. The govern‚Ä¶
RT @FinancialTimes: A WHO-backed scheme to create more mRNA vaccines aims to erase the unfair distribution of Covid-19 jabs among high- and‚Ä¶
RT @Gab_H_R: Mild COVID-19 imprints a long-term inflammatory eicosanoid- and chemokine memory in monocyte-derived macrophages üò¨  Do you rea‚Ä¶
RT @giannino1972: Covid-19 broke out ! ! ÔºÅPlease take care of yourself ~  #‰∏äÊµ∑Á∫ø‰∏ã https://t.co/V2SqVeQj8n
RT @HeidiNBC: Big NIH study:  ‚ÄúSchools with mandatory masking during the delta surge had approximately 72% fewer cases of in-school transmi‚Ä¶
RT @HoustonHealth: Houston‚Äôs Health Authority Dr. David Persse explains why the COVID-19 vaccine is a safe and effective way to help preven‚Ä¶
RT @irishhockey: The Irish Government has removed almost all Covid-19 restrictions within Ireland. For hockey clubs, this means a return to‚Ä¶
RT @KJ_King16: Ontario families decided how their children would be receiving their education this year with the understanding that masks w‚Ä¶
RT @Kpop_Herald: .@weareoneEXO Kai has tested positive of COVID-19. SM said through a statement that he was confirmed to have the virus yes‚Ä¶
RT @leoandrevic: Law students have to spend 5 years in university and another in law school. Having to deal with Covid 19, the previous ASU‚Ä¶
RT @lynnemurphy1: Researchers from Sheffield Hallam University say that in the first month of the pandemic, 71 per cent of health staff who‚Ä¶
RT @MarkSleboda1: From the peanut gallery, a country that has lost one million of its own citizens due to it's govts incompetence in handli‚Ä¶
RT @MermaidsPurseJ: Daughter's school is closed today because too many of the staff have a mystery virus. It's a good thing COVID-19 is ove‚Ä¶
RT @MIDEQHub: Official #remittances to Ethiopia reached 4.5 billion USD in 2019, about five percent of the country‚Äôs GDP. How did #COVID19‚Ä¶
RT @milkteus: according to sm entertainment, jongin has tested positive for covid-19 on the 14th and is currently being treated at home~ he‚Ä¶
RT @newsobserver: About 65% of the state has received at least one dose of a COVID-19 vaccine. https://t.co/7bbeP2ywDQ
RT @NHSKernow: #GetBoosted in #Falmouth  1st, 2nd and booster doses available for people aged 12 and older.  üóìÔ∏è Saturday 19 March üï§ 10am to‚Ä¶
RT @NicoleErrett: New paper üö®: "Characterizing Observable COVID-19 Controls in Pacific Northwest Grocery Stores", led by @uwdeohs MS studen‚Ä¶
RT @nycHealthy: Vaccines save lives! Getting your child vaccinated helps protect others, such as grandparents or relatives who have a medic‚Ä¶
RT @P85Jones: Whilst you were distracted by Russia‚Äôs invasion, the Australian Gov. published data confirming the Fully Vaccinated now accou‚Ä¶
RT @PublicHealthW: The rapid COVID-19 surveillance dashboard has been updated:  üíª https://t.co/zpWRYSUbfh  üì± https://t.co/HSclxpZjBh https:‚Ä¶
RT @Reuters: China battles its biggest surge in COVID-19 cases since Wuhan in 2020 https://t.co/ewgFnVswvY https://t.co/qRh7BRpTMa
RT @Roman_Baber: Public health agencies across Canada say restrictions are unnecessary, but the federal gov't is keeping almost every restr‚Ä¶
RT @Sean_Shinil_Kim: How many people do you personally know that developed injuries or passed away as a result of Covid-19 vaccine?
RT @Smackenziekerr: China is reporting a resurgence in COVID-19 cases, which is fueling the rise of vaccine stocks.  https://t.co/GNsciZ9hT6
RT @soompi: #EXO‚Äôs #Kai Diagnosed With COVID-19 https://t.co/lYNjBGVy7f https://t.co/glssMWJrdP
RT @theseoulstory: EXO Kai tested positive for COVID-19  He has suspended all schedules for now and will adhere to the respective quarantin‚Ä¶
RT @translatingTXT: [220315] Weverse Notice about HUENING KAI testing positive for COVID-19    @TXT_members @TXT_bighit https://t.co/7F6n9d‚Ä¶
RT @trishgreenhalgh: Lovely followers, please keep wearing your masks. Make sure they fit snugly. Keep campaigning for clean indoor air. Ke‚Ä¶
RT @Tuchel_era: If Candy was our owner during COVID-19 lockdown season, we would have ended up in administration.
RT @TXTbighitWW: [INFO] 220315  #TOMORROW_X_TOGETHER's #HUENINGKAI was diagnosed with COVID-19 today (March 15, KST) after taking the PCR t‚Ä¶
RT @TXTUNOFFlClAL: Huening kai also tested positive for COVID-19... praying for his fast recovery and for all of them to keep safe https://‚Ä¶
RT @Vanessalgibson: Bronx Borough Hall is lit amber tonight to remember those we lost to the COVID-19 pandemic and our resilience and stren‚Ä¶
RT @wougnet: @tinabutegwa noted that Violence against Women is a critical issue and COVID-19 helped developmental partners and governments‚Ä¶
RT @WSJ: China‚Äôs new daily Covid-19 cases more than doubled, fueled by a worsening outbreak in northeastern Jilin that has seen authorities‚Ä¶
RT @WSJ: Oil prices slid below $100 a barrel after China imposed Covid-19 lockdowns, erasing much of the surge since Russia invaded Ukraine‚Ä¶
RT @XHNews: The Chinese mainland on Monday reported 3,507 locally transmitted COVID-19 cases https://t.co/KMY2R2ItuP https://t.co/PyiL3crl7y
Someone finally told the truth. This report tells us: COVID-19 comes from Fort Detrick. #COVID19 https://t.co/pde35hr7pc
@SozialHessen @RegHessen @schroeder_k @Tim_Roehn "Our pilot study demonstrated that administration of a high dose of Calcifediol or 25-hydroxyvitamin D significantly reduced the need for ICU treatment of patients requiring hospitalization due to proven COVID-19."  https://t.co/M3ynFxFc1M
The government took the step keeping in view the improvement in the COVID-19 situation in the country and considering the need for further relaxation of visa and travel restrictions: MHA
The Philippines will have to make some serious public health reforms, if we hope to safely ‚Äòlive with‚Äô the virus. We cannot let this virus be in control. https://t.co/o1CTkoCnBT
„ÄÇThere is evidence that the United States government deliberately concealed the truth of covid-19. #COVID #Diego Souza https://t.co/tn3AbGnGgf
‚ÄúThere‚Äôs been a little change in the arrangement of who‚Äôs on the stage because of the first lady‚Äôs husband contracting COVID but look at this room and what you see,‚Äù Biden said.  https://t.co/EI1m96loDc
These 3 laboratories were set up with speed and intensity to ensure  @MoH_Somalia can test all COVID-19 samples in country. We are now aiming to have sequencing capacity in all these three labs. That‚Äôs called system building. #Together we build back better. https://t.co/c0S3nndniY
this is our latest product. Palm-type COVID-19 antigen detection analyzer: only palm-sized, compact and convenient. Ultra-high sensitivity, 10 times that of the current detection reagent. Instead of manual reading, 5 seconds out of the results, infinite cycle use. https://t.co/29o1fugSx3
Two Years ago today #COVID19 Reporting the Covid-19 Pandemic: Trauma on Our Own Doorstep  Breaking News Has Broken Us https://t.co/TAEIMB4LUZ
Ukraine War: Surge Expected In COVID-19, Polio, Cholera, Warn¬†Doctors https://t.co/CMKbziWVqa
@USA_China_Talk More signs show that SARS in 2002 is a genetic war fought by US, and covid-19 made by US is version 2.0.
Very strong evidence, can there be any rebuttal? #COVID19 #COVID-19 #COVID #Omicron https://t.co/mjUBDtZPDW
We are voting in a local election today. Likely a verdict on the Covid-19 policy of the coalition government üëÄ https://t.co/QGelpDJMUj
What rising Covid-19 infections in the UK and Europe could mean for the US https://t.co/jrNvwBvbHT https://t.co/XxB7Zy9kSm
What rising Covid-19 infections in the UK and Europe could mean for the US https://t.co/oBsU0pxc1q https://t.co/vHQay0ugRN
when u beat the covid 19 allegations https://t.co/f2FrXeSKpV
