♪ Day 41-42 - bought XTZ, XLM, ASTR, XCH CRIPTO-EXPERIENT. 333 DAYS TO SHOULD BE A BUILD ON US$ 1 ♪ https://t.co/zYmimH6k1a #Crypto Experiment #Cryptogram #XTZ #XLM #ASTR #XCH https://t.co/ICawo2I0eg
== sync, corrected by elderman == @elder_man
Binance is said to have received a crypto licence from the Dubai authorities.
#Crypto #Bitcoin #Ethereum #transactions #crypto #Cripto News #Bitcoin #Firs https://t.co/aeS0qvM62c
* Double bet: Director General #Terra makes another bet on the price #LUNA in a year. Read: https://t.co/x54FJIQz9m #cryptocurrecy #Crypto #luna #block #LUNAUSDT #terraluna #crypto #Cripto News https://t.co/Zn90eiUWb6
16.03.2022 The theme of the couching will be: &quot; Market crypto analysis &quot; https://t.co/xRgDYYU2rG
@A_Kapustin is weird that they're not on the record at all. It's an evening show like Evening Urgant. What ACTUAL news is there? So I'm doing a crypto conspiracy theory. Yesterday's poster moment is directed.
@anzhela777777 Krypto has a wallet, but it's awfully uncomfortable. One trial payment of 20 euros was just, like, a small sum, and this Crown doesn't seem to inspire trust.
@BabaCugs If the crypto world is just evolving, it's logical to wait for the 222 shots of the crypt. And already invest in the rest of the china, coins. Xrp coin of the Masons. I don't think they're gonna let the slaves, we're gonna get financial freedom. Their target, our poverty, digital slavery.
Binance P2P – How easy to buy or sell to Kryptovaluth, add an account to Binance https://t.co/OewCM50a3S
Binance obtained the first licence from a global supplier of crypto-assets at the Gulf Cooperation Council of the Arab States (GCC) of the BEC of Bahrain.
@CryptoUnit_en I wonder if they'll ever replace the crypto beams to securitize the currents with the usual ones, like the cars took out the wagons?
@dennydov with "crypto" cut how good it was! It's time to continue!
@doubletop_io BUSINESS COOPERATION My contact information: - telegram:@akunTRXIC - e-mail: Raymond332022@outlook.com WhatsApp: +85256697715
@elonmusk @Rogozin Join the MAIN – a new social network crypto. Use my registration code to get 25% more bonus currents in the first 100 days. https://t.co/AshLuShaiJ
FTX connects Stripe to crypto-payers and KYC Payment Giant Stripe triggers crypto-payer support for FTX clients. This will speed up registration and identity checks. https://t.co/UDwbhaYUsg
@GeekSputnikTV Pash you have a real flask. You haven't even read what I wrote to you. I fucking texted you.
https://t.co/EkapanBqwqD – Trade and crypto-pays platform, reported on the recruitment of a number of professionals to senior management positions.
https://t.co/kfoXqW2kI7 requested users to pay off their crypto-credits https://t.co/6ISUvrxDrf
I Need to Rest from myself Anyways it goes @kaggle @pydigest . This is noted. In Korea, the Russians and the CIS Country (Synthetic CDO) of 2008, the current Krypto Stock Token ICO, are not represented. It would be funny if the Nephtan woman Rushed. The markets believe. @KremlinRussia @elonmusk (One Life). https://t.co/8F6U7BE1ems https://t.co/UI99tIV8kS
@JDalmulder @AtomicHub @WAX_io @Crypt0monKeys cool cards as always, it's good to have a couple of crypto monkeys in your wallet @PixMeta @GalyaVovka @AndrianBalanesq cool
@KittyArielPryde
@LadiofCrypto1 @thinktank8691 Are you an expert?
LPOOL - Full Lunchpad instruction, invest in crypto projects at https://t.co/JTSyZsmBAs via @YouTube
@MoreMoreMarina @Devt64396110 @balloo163 @OySedoy @anatoliisharii Money is over... this half of the world is going to go to Yuan or Krypto and hello to the dollar.
@NetworkSubspace is a fourth generation blocker designed for the next wave of crypto developers https://t.co/gJOBfNwaS2
New post in Z. Krypto-Man: Destroy benches, crawl through the locker and look at the crypt like a mouse on a croupe: everything. Greetings to Thezer https://t.co/49pGblKpK3 https://t.co/ikxjnVVedk
New post in Z. Krypto-Man: Destroying the benches, digging through the block and looking at the crypt of a mouse on a croup: Ukraine has launched a site for crypto donations. The entire defense country has already received over $100 million in krypta since the beginning.
@nuxiaomao @whyuvika or either leave on time and all their assets are leaked through black crypto exchangers before the authorities criticize.
RT @a1bns: Collections of NFT from Ukrainian Artists. #news #krain #news #ukraine #crypto #nft https://t.co/gjkJYde
RT @AcademyArd: Krypto for Zaelian Ariljang orolzoglog bolon orolzochoor Zahage boo han ben bxhand gargtei krypto g Hallegigyg Bagzlan khorgage bai...
== sync, corrected by elderman == @KuCoinRussian: ♪ Quiz: 500! MJT, ROAR, GARI, RANKER, what project does the #SocialFi function have?
RT @MglUgly: Awahdaa's machine ♪ Schimtgelg's awdag bein' daa'. Fintek crypto hosolson BNPL ♪ ♪ ♪ ♪ ♪ Hey ♪ ♪ Hey, hey, hey, hey, hey, hey, hey, hey, hey, hey, hey, hey, hey, hey, hey, hey, hey, hey, hey, hey, hey, hey, hey, hey, hey, hey, hey, hey, hey, hey, hey, hey, hey, hey, hey, hey, hey, hey, hey, hey, hey, hey, hey, hey, hey, hey, hey, hey, hey, hey, hey, hey, hey, hey, hey, hey, hey, hey, hey, hey, hey, hey, hey, hey, hey, hey, hey, hey, hey, hey, hey, hey, hey, hey, hey, hey, hey, hey, hey, hey, hey, hey, hey, hey, hey, hey, hey, hey, hey, hey, hey, hey, hey, hey, hey, hey, hey, hey, hey, hey, hey, hey, hey, hey, hey, hey, hey, hey, hey, hey, hey, hey, hey, hey, hey, hey, hey, hey, hey, hey, hey, hey, hey, hey, hey, hey, hey, hey, hey, hey, hey, hey, hey, hey, hey, hey, hey, hey, hey, hey, hey, hey, hey, hey, hey, hey, hey,
RT @MoneyTi95495886: The Bitcci project is a large-scale ecosystem aimed at solving problems through crypto currencies...
RT @nhongfamgov: @ton_blockchain @CoinMarketCap This current will be successful and recommended to my crypto friends, don't think...
RT @rusemoschool: I wrote to her that I wanted love and affection, and she wrote that she wanted 20% of my income from the krypto bota.
RT @yaroslavaBorz: @ton_blockchain @CoinMarketCap This current will be successful and will be recommended to my crypto friends, not Dwight...
@shhadow78 @Bexultan @bejvas okay. Started with crypto and came to the highway, only ours can do so. The Polish station covers Ukraine, so we need one plate. We have no one around. I doubt it's gonna happen.
@TheJenuxs Join MAIN, a new social network crypto. Use my registration code to get 25% more bonus currents in the first 100 days. https://t.co/AshLuShaiJ #CRYMCI #cryptcurrecy #dogecoin #ElonMusk @main
@ton_blockchain @CoinMarketCap Very pleased to participate in this event, I hope to see further development among the crypto @NessShort525
@ton_blockchain @CoinMarketCap that current will be successful and recommended to my crypto friends, don't think too long, just act, and I'm sure this project will be needed in the future and become an interesting place for investment.
@ton_blockchain @CoinMarketCap This current will be successful and recommended to my crypto friends, don't think too long, just act, and I'm sure this project will be needed in the future and become an interesting investment point.
@ton_blockchain @CoinMarketCap This current will be successful and recommended to my crypto friends, don't think too long, just act, and I'm sure this project will be needed in the future and become an interesting investment place.
@yourmetall Krypto boys became very angry after they lost their job at McDonald's.
# Altcoins are bouncing at more than 40% against a series of optimistic news and events. ZEC grew by 46% and RUNE by 43%. Let's look at the US Federal Reserve's fund rate to track further price movements. See all of the #crypto News https://t.co/Qa6xFvIEF5 https://t.co/D9VXhAfmPk
Elliptic's analytical blockage company discovered a millions of dollars worth of krypto wallet that could be linked to Russian officials and oligarchs under sanctions. https://t.co/K9YBc2K8jr https://t.co/aNYLDFuGf1
The market https://t.co/XERjmLpoXc distributes a variety of crypto coins that can then be sold for profit) thank you for these opportunities.
SEC announced changes in personnel: will they affect the crypto industry? https://t.co/dhLCNPUKG #bitcoin https://t.co/MWks6jMH5p
SEC announced changes in personnel: will they affect the crypto-industry? #or #sec https://t.co/8VagkFqut9
As a result, one of the protocol's defaults lost a lion's share of the crypto savings. Well, fucking thank you very much bitch in time.
Here's what the tweet for different countries is: - Krypto and currency fork for Estonia - Mazdu and Warcraft for Slovakia - It's not clear what for Austria (like some tax returns) - stock exchanges for the U.S.
For those who always want to stay on top of the cool crypto news, sign on my TV, colleagues!) Reference: https://t.co/IdsDJafozt News, ways of making money on crypt, inside, krypt course - all there) #BTC #ETH #ZaharkinKrypta #cryptate #legalbusinessforum https://t.co/11JT7sYtnn
Dollaryn ezed, Rothshildinhon gage ilgadag, . . . . . . . . . . . . . . . . . . . . . . . . . . . . . . . . . . . . . . . . . . . . . . . . . . . . . . . . . . . . . . . . . . . . . . . . . . . . . . . . . . . . . . . . . . . . . . . . . . . . . . . . . . . . . . . . . . . . . . . . . . . . . . . . . . . . . . . . . . . . . . . . . . . . . . . . .
So we start our crypto literacy course and present you with the first lesson of the cycle. https://t.co/VqR0v8vu6h
HOW TO LEAVE THE DAYS FROM VISA AND MASTERCARD BY THE BORDER ♪ ♪ KRYPTO C... https://t.co/Fajfiqg0Cx via @YouTube
What is the crypto wolf of the bird https://t.co/GPQ06sg5x
Collections of NFT from Ukrainian artists. #news #Ukraine #news #ukraine #crypto #nft https://t.co/gjkJYde
#Bitcoin's day is traded around $39,000 The cost #Ethereum is at $2,550 Kryptivites from top-10 are trading in a variety of ways: #Terra +3.2% #Cardano -1.8% #Palkadot -1.3%. Your projections today? @cr_ladyoffial @lucy1314888 @blondy_chins https://t.co/ZfIOPmop0F
Krypto Zaelyan Ariljang Orolzogch bolon Orolzochoor Zahage Bui han bxhand Haregtai krypto g Hallegigigyg Bagzlan kh gorgage bina. J, K, L, M #KryptoHalleg https://t.co/8S29PHMXIv
Krypto alborlogchid Haasha'ah no hae? 2021 Ond Hyatadin krypto chorigos zugtah alborloggg xxlan awsan Kazakhstan n·ree buroulgee. Tsakhilgaan erchim x ereglaeani orgyl achaallyg live up to 7% ihesgen hamean krypto alborlogdyn tasalge, Namalt tatwar naduulsan geg. https://t.co/ELhzTz4FSX
Global investors started transferring money to crypto funds to protect themselves from the financial consequences of the Russian-Ukrainen conflict. At the same time, more than $9 billion were withdrawn from bonds and real estate funds in a few days.
Krypto xr.g.g. krypto boosdeen utgalgand authan b. ersdald orulaarai. https://t.co/vRxtVmwz7S
You can find FIOs, addresses, and other personal data (including passports) on demand on the stock market, and as a result, you can block it.
The cryptovals grow at the beginning of the week https://t.co/AryjRw4we0 Bitcoin and other crypthalates grew on Monday, as the European Union abolished a regulatory measure that would effectively prohibit crypto-mining.
Wasabi's crypto wallet will begin blocking "illegal transactions" https://t.co/6FLUatTy5J
Wasabi's wallet will begin to block "illegal transactions": details (14.03.2022) https://t.co/zVoiRGzsoQ
Wasabi's crypto wallet will begin blocking "illegal transactions": details https://t.co/UK1z0YBsG0 #bitcoin https://t.co/cNUAjpScwf
Wasabi's crypto wallet will begin to block "illegal transactions": details https://t.co/vBBnB30LBS
Wasabi's crypto wallet will begin blocking "illegal transactions": details https://t.co/WkeM82Y7o
By the way, I've got my krypto channel shde publishing all the moves https://t.co/J8ZMoDETEG.
== sync, corrected by elderman == @youTube
Awahdaa's car ♪ ♪ Chimutgelg ♪ ♪ awdag bolg bina dah ♪ Fintech krypto hosolson BNPL ♪ ♪ ♪ ♪ ♪ Hey ♪ ♪ Hey, hey ♪ ♪ Hey, hey, hey, hey, hey, hey, hey, hey, hey, hey, hey, hey, hey, hey, hey, hey, hey, hey, hey, hey, hey, hey, hey, hey, hey, hey, hey, hey, hey, hey, hey, hey, hey, hey, hey, hey, hey, hey, hey, hey, hey, hey, hey, hey, hey, hey, hey, hey, hey, hey, hey, hey, hey, hey, hey, hey, hey, hey, hey, hey, hey, hey, hey, hey, hey, hey, hey, hey, hey, hey, hey, hey, hey, hey, hey, hey, hey, hey, hey, hey, hey, hey, hey, hey, hey, hey, hey, hey, hey, hey, hey, hey, hey, hey, hey, hey, hey, hey, hey, hey, hey, hey, hey, hey, hey, hey, hey, hey, hey, hey, hey, hey, hey, hey, hey, hey, hey, hey, hey, hey, hey, hey, hey, hey, hey, hey, hey, hey, hey, hey, hey, hey, hey, hey, hey, hey, hey, hey, hey, hey, hey, hey, hey, hey, hey, hey,
Mongolun bh krypto Madeellaig nag doros. https://t.co/hY0HqNRSd
We've found for you #crypto hemes that can become the next 100th Altcoins available on #KuCoin! More detailed in video https://t.co/8jxTa91LHh https://t.co/v1kuyKWXPP
"N'rzei alborlozh kataagaad, b'gdiyg n krypto miner Jassan um bae? Tertei turgue huddled 5 tons n'rs shataaz Bayn." https://t.co/E77Gyu9hhu
Market review - Krypto at https://t.co/QYU26p1fm https://t.co/ijZfmocyve
The special features of the Organization of the Krypto-Busnesa in Montenegro . . . . . . . . . . . . . . . . . . . . . . . . . . . . . . . . . . . . . . . . . . . . . . . . . . . . . . . . . . . . . . . . . . . . . . . . . . . . . . . . . .
The special features of the organization of the Krypto-Busnesa in Montenegro . . . . . . . . . . . . . . . . . . . . . . . . . . . . . . . . . . . . . . . . . . . . . . . . . . . . . . . . . . . . . . . . . . . . . . . . . . . . . . . . . . . . . . . . . . . . . . . . . . . . . . . . . . . . . . . . . . . . . . . . . . . . . . . . . . . . . . . . . . . . . . . . . .
The special features of the Organization of the Krypto-Biznesa in Montenegro . . . . . . . . . . . . . . . . . . . . . . . . . . . . . . . . . . . . . . . . . . . . . . . . . . . . . . . . . . . . . . . . . . . . . . . . . . . . . . . . . . . . . . . . . . . . . . . . . . . . . . . . . . . . . . . . . . . . . . . . . . . . . . . . . . . . . . . . . . . . . . . . . . . . . . . . . . .
The special features of the Organization of the Krypto-Busnesa in Montenegro . . . . . . . . . . . . . . . . . . . . . . . . . https://t.co/SkyGg9ws8 . . . . . . . . . . . . . . . . . . . . . . . . . . . . . . . . . . . . . . . . . . . . . . . . . . . . . . . . . . . . . . . . . . . . . . . . . . . . . . . . . . . . . . . . . . . . . . . . . . . . .
The special features of the Organization of the Krypto-Busnesa in Montenegro . . . . . . . . . . . . . . . . . . . . . . . . . https://t.co/tefUcPhnyX . . . . . . . . . . . . . . . . . . . . . . . . . . . . . . . . . . . . . . . . . . . . . . . . . . . . . . . . . . . . . . . . . . . . . . . . . . . . . . . . . . . . . . . . . . . . .
The special features of the Organization of the Krypto-Busnesa in Montenegro . . . . . . . . . . . . . . . . . . . . . . . . https://t.co/uQlXjF7hf . . . . . . . . . . . . . . . . . . . . . . . . . . . . . . . . . . . . . . . . . . . . . . . . . . . . . . . . . . . . . . . . . . . . . . . . . . . . . . . . . . . . . . . .
The special features of the Organization of the Krypto-Busnesa in Montenegro . . . . . . . . . . . . . . . . . . . . . . . . https://t.co/w1g30lall . . . . . . . . . . . . . . . . . . . . . . . . . . . . . . . . . . . . . . . . . . . . . . . . . . . . . . . . . . . . . . . . . . . . . . . . . . . . . . . . . . . . . . . . . . . .
The special features of the Organization of the Krypto-Biznesa in Montenegro . . . . . . . . . . . . . . . . . . . . . . . . . . . . . . . . . . . . . . . . . . . . . . . . . . . . . . . . . . . . . . . . . . . . . . . . . . . . . . . . . . . . . . . . . . . .
The special features of the Organization of the KREPTO-BIZNEZ in Montenegro . . . . . . . . . . . . . . . . . . . . . . . . . . . . . . . . . . . . . . . . . . . . . . . . . . . . . . . . . . . . . . . . . . . . . . . . . . . . . . . . . . . . . . . . . . . . . . . . . . . . . . . . . . . . . . . . . . . . . . . . . . . . . . . . . . . . . . . . . . . . . . . . . . . . . . . . . . . . . . . . . . .
Fuck, two of our projects are gonna be at a big crypto conference, take Lisa!
Join MAIN, a new social network crypto. Use my registration code to get 25% more bonus currents in the first 100 days. https://t.co/AshLuShaiJ
Join MAIN, a new social network crypto. Use my registration code to get 25% more bonus currents in the first 100 days. https://t.co/AshLuShaiJ #CRYMCI #cryptcurrecy #dogecoin #ElonMusk @main
Come see my 100% crypto account.
The #Firefly Protocol is an extended and customized protocol designed to keep pace with the innovation and market dynamics of digital #assets. @fileflyprotocol #crypto #DEX https://t.co/XDC82Rn5MR
There's a trade bot that connects to a crypto exchange via API. There's an admin of this bot by reference. There's a bot chatter in telegrams that alerts to various changes. ... https://t.co/HpBKlg5qmx
NFT 2021. At least 3 - Krypto at https://t.co/QYUR26p1fm https://t.co/YaW3GyDpq1
We have whatsminer M31S 80T and Innosilicon T2T 25T. The price is good. Various other models can also be ordered in Kyrgyzstan, Kazakhstan and Moscow. Contact us via WhatsApp:+996 995 758 759 #Whatsminer #Innosilicon #Mining #miner #miner #miner #crypto https://t.co/lsadzW6koq
The British Financial Conduct Authority (FCA) has ordered all local crypto-bank operators to stop operating because none of them are registered for business in the country. https://t.co/6M8ZU3jR4N https://t.co/qua54iIt5J
You want to make a living on social media, but they're all blocked, and there's only a VK and a OK where there's nothing to do, which means it's news to you. The other day, a new social crypto network from VC and Telegram developers started.
The number of BTCs stored on the exchanges continues to fall down. This fact seems to be linked to the withdrawal of crypto investors and trading platforms for long-term storage. Now to centralization... #BINANCE #COINBASE #Hoob... https://t.co/0FckGDBHN8
I wrote to her that I wanted love and affection, and she wrote that she wanted 20% of my krypto bota income.
I can't believe that the GRU is now giving money for our cause. #No Ukraine #Hold #Russian #Ukraine #Crypto #Phone #Bitcoin #GRU #Kuna https://t.co/xfbIhrDphF
